상위 본부명,기관명,주소,y좌표,x좌표,전화번호,유형,등록일,수량
대구소방안전본부,수성소방서-수성-119 안전센터,대구광역시 수성구 들안로60길 30,35.856757,128.62085,053-741-2119,119안전센터,2018-03-17,1
대구소방안전본부,수성소방서-황금-119 안전센터,대구광역시 수성구 동대구로12길 41,35.8354932,128.6264246,053-764-0119,119안전센터,2018-03-17,1
대구소방안전본부,수성소방서-만촌-119 안전센터,대구광역시 수성구 달구벌대로 2658,35.8553405,128.6521084,053-752-0119,119안전센터,2018-03-17,1
대구소방안전본부,수성소방서-범물-119 안전센터,대구광역시 수성구 청호로 87,35.8255278,128.6443835,053-780-5261,119안전센터,2018-03-17,2
대구소방안전본부,북부소방서_대구-산격-119 안전센터,대구광역시 북구 유통단지로8길 88,35.9060774,128.614247,053-350-5790,119안전센터,2018-03-17,2
대구소방안전본부,북부소방서_대구-무태-119 안전센터,대구광역시 북구 호국로43길 21,35.9209169,128.5969011,053-350-5780,119안전센터,2018-03-17,1
대구소방안전본부,북부소방서_대구-대현-119 안전센터,대구광역시 북구 대현로 105,35.8824217,128.6106205,053-350-5770,119안전센터,2018-03-17,1
대구소방안전본부,북부소방서_대구-노원-119 안전센터,대구광역시 북구 노원로 42,35.8921502,128.5673912,053-350-5750,119안전센터,2018-03-17,1
대구소방안전본부,북부소방서_대구-침산-119 안전센터,대구광역시 북구 침산남로 149,35.8883496,128.5922483,053-350-5740,119안전센터,2018-03-17,1
대구소방안전본부,북부소방서_대구-칠성-119 안전센터,대구광역시 북구 칠성남로 112,35.8779748,128.5922971,053-350-5720,119안전센터,2018-03-17,2
대구소방안전본부,서부소방서_대구-내당-119 안전센터,대구광역시 서구 서대구로3길 16,35.8594298,128.5552638,053-557-0119,119안전센터,2018-03-17,1
대구소방안전본부,서부소방서_대구-태전-119 안전센터,대구광역시 북구 칠곡중앙대로 184,35.9123206,128.548797,053-312-0119,119안전센터,2018-03-17,1
대구소방안전본부,서부소방서_대구-비산-119 안전센터,대구광역시 서구 달서로 206,35.8804392,128.5720345,053-566-0119,119안전센터,2018-03-17,1
대구소방안전본부,서부소방서_대구-이현-119 안전센터,대구광역시 서구 국채보상로 119,35.8690829,128.5441489,053-552-0119,119안전센터,2018-03-17,1
대구소방안전본부,서부소방서_대구-읍내-119 안전센터,대구광역시 북구 칠곡중앙대로 570,35.9464889,128.5515261,053-321-0119,119안전센터,2018-03-17,1
대구소방안전본부,서부소방서_대구-평리-119 안전센터,대구광역시 서구 달서천로 186,35.8818837,128.5544996,053-320-4492,119안전센터,2018-03-17,2
대구소방안전본부,동부소방서_대구-율하-119 안전센터,대구광역시 동구 율하동로8길 5,35.8620298,128.7019657,053-605-5370,119안전센터,2018-03-17,1
대구소방안전본부,동부소방서_대구-공산-119 안전센터,대구광역시 동구 팔공산로 1579,35.962767,128.6977513,053-605-5360,119안전센터,2018-03-17,1
대구소방안전본부,동부소방서_대구-불로-119 안전센터,대구광역시 동구 팔공로50길 19,35.9219951,128.6439421,053-605-5350,119안전센터,2018-03-17,1
대구소방안전본부,동부소방서_대구-안심-119 안전센터,대구광역시 동구 반야월로 291,35.8721648,128.7204102,053-605-5340,119안전센터,2018-03-17,1
대구소방안전본부,동부소방서_대구-동촌-119 안전센터,대구광역시 동구 해동로 180,35.8866965,128.6484933,053-605-5330,119안전센터,2018-03-17,1
대구소방안전본부,동부소방서_대구-신천-119 안전센터,대구광역시 동구 동대구로 507,35.8760907,128.6251739,053-605-5320,119안전센터,2018-03-17,2
광주소방안전본부,광산소방서_광주-평동-119 안전센터,광주광역시 광산구 월전동 1251,35.1242989,126.773418,,119안전센터,2018-03-17,1
광주소방안전본부,광산소방서_광주-첨단-119 안전센터,광주광역시 광산구 임방울대로825번길 16(쌍암동),35.2187847,126.8491735,062-606-4883,119안전센터,2018-03-17,1
광주소방안전본부,광산소방서_광주-신가-119 안전센터,광주광역시 광산구 수등로 236(신가동),35.1849057,126.8347787,062-606-4863,119안전센터,2018-03-17,1
광주소방안전본부,광산소방서_광주-비아-119 안전센터,광주광역시 광산구 비아로12번길 10(비아동),35.2207346,126.823575,062-606-4843,119안전센터,2018-03-17,1
광주소방안전본부,광산소방서_광주-월곡-119 안전센터,광주광역시 광산구 사암로 276(월곡동),35.168918,126.809313,062-606-4823,119안전센터,2018-03-17,1
광주소방안전본부,광산소방서_광주-송정-119 안전센터,광주광역시 광산구 상무대로 93-1(도산동),35.129099,126.785525,062-606-4803,119안전센터,2018-03-17,1
광주소방안전본부,광산소방서_광주-하남-119 안전센터,광주광역시 광산구 하남산단1번로 13(하남동),35.1859848,126.7964868,062-606-4903,119안전센터,2018-03-17,2
광주소방안전본부,북부소방서_광주-동림-119 안전센터,광주광역시 북구 북문대로 202(동림동),35.1864747,126.8702777,062-606-4783,119안전센터,2018-03-17,1
광주소방안전본부,북부소방서_광주-두암-119 안전센터,광주광역시 북구 삼정로 5(두암동),35.1623846,126.9368036,062-606-4763,119안전센터,2018-03-17,1
광주소방안전본부,북부소방서_광주-일곡-119 안전센터,광주광역시 북구 설죽로 529(일곡동),35.2063476,126.8972942,062-606-4743,119안전센터,2018-03-17,1
대전소방본부,대전-가양-119 안전센터,대전광역시 동구 합내로 50,36.3474872,127.4405715,042-609-6161,119안전센터,2018-03-17,2
대전소방본부,대전-용운-119 안전센터,대전광역시 동구 용운로 151번길 88,36.3312594,127.4618264,042-609-6151,119안전센터,2018-03-17,1
대전소방본부,대전-산내-119 안전센터,대전광역시 동구 산내로 1328,36.2819026,127.467491,042-609-6141,119안전센터,2018-03-17,1
대전소방본부,대전-부사-119 안전센터,대전광역시 동구 대전천동로 508,36.32699,127.4329189,042-609-6131,119안전센터,2018-03-17,1
대전소방본부,대전-원동-119 안전센터,대전광역시 중구 대종로 373,36.3169676,127.4291671,042-609-6121,119안전센터,2018-03-17,2
대전소방본부,대전-삼성-119 안전센터,대전광역시 동구 태전로 134,36.3402664,127.4218609,042-609-6111,119안전센터,2018-03-17,1
대전소방본부,대전-원내-119 안전센터,대전광역시 유성구 계백로 801번길 17,36.2918896,127.3188729,042-609-6951,119안전센터,2018-03-17,1
대전소방본부,대전-가수원-119 안전센터,대전광역시 서구 용소로 46,36.3090937,127.3526732,042-609-6941,119안전센터,2018-03-17,1
대전소방본부,대전-산성-119 안전센터,대전광역시 중구 산성로 59,36.3077317,127.394996,042-609-6931,119안전센터,2018-03-17,1
대전소방본부,대전-문화-119 안전센터,대전광역시 중구 계룡로 918번길 67,36.3193046,127.4112705,042-609-6921,119안전센터,2018-03-17,1
대전소방본부,대전-복수-119 안전센터,대전광역시 서구 복수서로 67,36.3093101,127.3723393,042-609-6911,119안전센터,2018-03-17,2
대전소방본부,대전-노은-119 안전센터,대전광역시 유성구 노은로 101,36.3686828,127.3174158,042-609-6751,119안전센터,2018-03-17,1
대전소방본부,대전-궁동-119 안전센터,대전광역시 유성구 궁동로 35,36.3636563,127.3486532,042-609-6741,119안전센터,2018-03-17,1
대전소방본부,대전-구암-119 안전센터,대전광역시 유성구 월드컵대로 263,36.3489264,127.3292431,042-609-6731,119안전센터,2018-03-17,2
대전소방본부,대전-전민-119 안전센터,대전광역시 유성구 엑스포로 486-11,36.3992962,127.4059522,042-609-6721,119안전센터,2018-03-17,2
대전소방본부,대전-도룡-119 안전센터,대전광역시 유성구 대덕대로 516,36.378896,127.3789854,042-609-6711,119안전센터,2018-03-17,1
광주소방안전본부,북부소방서_광주-우산-119 안전센터,광주광역시 북구 동문대로 127(우산동),35.1744758,126.9258817,062-606-4723,119안전센터,2018-03-17,2
광주소방안전본부,북부소방서_광주-임동-119 안전센터,광주광역시 북구 서림로 5(임동),35.1688767,126.8907157,062-606-4703,119안전센터,2018-03-17,1
광주소방안전본부,북부소방서_광주-문흥-119 안전센터,광주광역시 북구 서하로 290(오치동),35.1867196,126.9120927,062-606-4353,119안전센터,2018-03-17,2
광주소방안전본부,남부소방서_광주-봉선-119 안전센터,광주광역시 남구 오방로 63(방림동),35.1309858,126.9189711,062-606-4623,119안전센터,2018-03-17,1
광주소방안전본부,남부소방서_광주-월산-119 안전센터,광주광역시 남구 수박등로 1(월산동),35.1406062,126.8946811,062-606-4603,119안전센터,2018-03-17,1
광주소방안전본부,남부소방서_광주-송하-119 안전센터,광주광역시 남구 송암로58번길 13(송하동),35.1104487,126.878475,062-606-4303,119안전센터,2018-03-17,2
광주소방안전본부,서부소방서_광주-풍암-119 안전센터,광주광역시 서구 회재로 907(금호동),35.1237123,126.8626629,062-606-4564,119안전센터,2018-03-17,1
광주소방안전본부,서부소방서_광주-상무-119 안전센터,광주광역시 서구 치평로 65(치평동),35.153268,126.847138,062-606-4543,119안전센터,2018-03-17,1
광주소방안전본부,서부소방서_광주-금호-119 안전센터,광주광역시 서구 운천로 112(쌍촌동),35.1427037,126.8582847,062-606-4525,119안전센터,2018-03-17,1
광주소방안전본부,서부소방서_광주-염주-119 안전센터,광주광역시 서구 염화로 77(화정동),35.14149,126.873788,062-606-4507,119안전센터,2018-03-17,1
광주소방안전본부,서부소방서_광주-화정-119 안전센터,광주광역시 서구 화운로 197(화정동),35.1563719,126.8765703,062-606-4255,119안전센터,2018-03-17,2
광주소방안전본부,동부소방서_광주-용산-119 안전센터,광주광역시 동구 남문로 692(학동),35.1323962,126.9288639,062-606-4403,119안전센터,2018-03-17,1
광주소방안전본부,동부소방서_광주-지산-119 안전센터,광주광역시 동구 밤실로30번길 16(지산동),35.1499634,126.9385315,062-606-4423,119안전센터,2018-03-17,1
광주소방안전본부,동부소방서_광주-대인-119 안전센터,광주광역시 동구 제봉로 210(대인동),35.1545794,126.9147654,062-606-4203,119안전센터,2018-03-17,2
인천소방본부,송도소방서-신송(구.송도)-119 안전센터,인천광역시 연수구 해돋이로 92(송도동),37.390899,126.6518209,032-810-6683,119안전센터,2018-03-17,1
인천소방본부,송도소방서-미래-119 안전센터,인천광역시 연수구 첨단대로 60번길 15(송도동),37.3672328,126.6515905,032-810-6660,119안전센터,2018-03-17,1
인천소방본부,영종소방서-용유-119 안전센터,인천광역시 중구 용유서로128번길 1(운서동),37.4485671,126.3938932,032-727-6183,119안전센터,2018-03-17,2
인천소방본부,영종소방서-운서-119 안전센터,인천광역시 중구 흰바위로27번길 16(운서동),37.4937369,126.4884485,032-727-6182,119안전센터,2018-03-17,1
인천소방본부,영종소방서-운남-119 안전센터,인천광역시 중구 운남로 116(운남동),37.4880213,126.5332815,032-727-6181,119안전센터,2018-03-17,1
인천소방본부,영종소방서-공항-119 안전센터,인천광역시 중구 공항서로512번길 464(운서동),37.4858663,126.4145851,032-727-6180,119안전센터,2018-03-17,3
인천소방본부,강화소방서-내가-119 안전센터,인천광역시 강화군 내가면 강화서로 235-1,37.7175081,126.3901664,032-930-5823,119안전센터,2018-03-17,4
인천소방본부,강화소방서-길상-119 안전센터,인천광역시 강화군 길상면 마니산로 93,37.6383104,126.4826246,032-930-5822,119안전센터,2018-03-17,2
인천소방본부,강화소방서-강화-119 안전센터,인천광역시 강화군 강화읍 남문로23번길 11,37.7396808,126.4874741,032-930-5894,119안전센터,2018-03-17,1
인천소방본부,남부소방서_인천-숭의-119 안전센터,인천광역시 남구 석정로 51 (숭의동),37.4661051,126.643178,032-888-9119,119안전센터,2018-03-17,1
인천소방본부,남부소방서_인천-관교-119 안전센터,인천광역시 남구 인하로 450 (관교동),37.4443181,126.6965968,032-435-0119,119안전센터,2018-03-17,1
인천소방본부,남부소방서_인천-용현-119 안전센터,인천광역시 남구 독배로 376 (용현동),37.4533982,126.6485843,032-887-0119,119안전센터,2018-03-17,1
인천소방본부,남부소방서_인천-도화-119 안전센터,인천광역시 남구 장고개로 85 (도화동),37.4754504,126.6693166,032-864-9119,119안전센터,2018-03-17,1
인천소방본부,남부소방서_인천-주안-119 안전센터,인천광역시 남구 한나루로 607 인천종합건설본부 (도화동),37.460563,126.672309,032-862-1119,119안전센터,2018-03-17,2
인천소방본부,남부소방서_인천-신기-119 안전센터,인천광역시 남구 인하로 190 (주안동),37.4484875,126.6691548,032-870-3290,119안전센터,2018-03-17,2
인천소방본부,계양소방서-효성-119 안전센터,인천광역시 계양구 효서로 96-1(효성동),37.5275711,126.7064678,032-650-5624,119안전센터,2018-03-17,1
인천소방본부,계양소방서-장기-119 안전센터,인천광역시 계양구 장기서로 14(장기동),37.5763229,126.7336744,032-650-5623,119안전센터,2018-03-17,1
인천소방본부,계양소방서-작전-119 안전센터,인천광역시 계양구 장제로 774(계산동),37.5370098,126.734921,032-650-5621,119안전센터,2018-03-17,2
인천소방본부,공단소방서-논현-119 안전센터,인천광역시 남동구 소래역로 109(논현동),37.4053393,126.7296881,032-723-5525,119안전센터,2018-03-17,1
인천소방본부,공단소방서-동춘-119 안전센터,인천광역시 연수구 앵고개로 241(동춘동),37.4091614,126.6712998,032-723-5524,119안전센터,2018-03-17,1
인천소방본부,공단소방서-도림-119 안전센터,인천광역시 남동구 비류대로 667(도림동),37.4226844,126.7091178,032-723-5523,119안전센터,2018-03-17,1
경기재난본부,부천소방서-원종-119 안전센터,경기도 부천시 원종로79번길 41 (원종동),37.5259918,126.8084534,032-650-4554,119안전센터,2018-03-17,1
경기재난본부,부천소방서-괴안-119 안전센터,경기도 부천시 부광로8번길 49 (괴안동),37.482732,126.8104426,032-650-4544,119안전센터,2018-03-17,1
경기재난본부,부천소방서-중동-119 안전센터,경기도 부천시 부일로 346 (중동),37.48777,126.7685797,032-650-4534,119안전센터,2018-03-17,1
경기재난본부,부천소방서-오정-119 안전센터,경기도 부천시 신흥로 364 (내동),37.5161263,126.77572,032-650-4524,119안전센터,2018-03-17,1
경기재난본부,부천소방서-중앙-119 안전센터,경기도 부천시 신흥로 115 (중동),37.4933057,126.7779585,032-650-4504,119안전센터,2018-03-17,2
경기재난본부,분당소방서-구미-119 안전센터,경기도 성남시 분당구 돌마로 138 (구미동),37.3519016,127.1165198,031-8018-3551,119안전센터,2018-03-17,1
경기재난본부,분당소방서-야탑-119 안전센터,경기도 성남시 분당구 양현로 485 (야탑4동),37.4164352,127.1359764,031-8018-3531,119안전센터,2018-03-17,1
경기재난본부,분당소방서-수내-119 안전센터,경기도 성남시 분당구 백현로 241 (수내동),37.3673561,127.1225858,031-8018-3521,119안전센터,2018-03-17,2
경기재난본부,분당소방서-판교-119 안전센터,경기도 성남시 분당구 대왕판교로644번길 62 (삼평동),37.3995571,127.1137255,031-8018-3511,119안전센터,2018-03-17,1
경기재난본부,분당소방서-서현-119 안전센터,경기도 성남시 분당구 양현로 14 (서현동),37.3860453,127.1194828,031-8018-3501,119안전센터,2018-03-17,2
경기재난본부,성남소방서-위례-119 안전센터,경기도 성남시 수정구 헌릉로 1003 (창곡동),37.4620155,127.1435977,031-759-5119,119안전센터,2018-03-17,1
경기재난본부,성남소방서-단대-119 안전센터,경기도 성남시 수정구 논골로 11번길 7-2 (단대동),37.4549462,127.1595633,031-720-0521,119안전센터,2018-03-17,1
경기재난본부,성남소방서-상대원-119 안전센터,경기도 성남시 중원구 둔촌대로 457번길 8 (상대원동),37.4324179,127.168675,031-745-0003,119안전센터,2018-03-17,1
경기재난본부,성남소방서-태평-119 안전센터,경기 성남시 수정구 성남대로 1312,37.446963,127.126914,031-720-0554,119안전센터,2026-01-29,1
경기재난본부,성남소방서-신흥-119 안전센터,경기도 성남시 수정구 시민로 151 (신흥동),37.4415552,127.1432624,031-757-0119,119안전센터,2018-03-17,2
경기재난본부,성남소방서-하대원-119 안전센터,경기도 성남시 중원구 마지로 64 (하대원동),37.427927,127.136948,031-720-0501,119안전센터,2026-01-29,2
경기재난본부,성남소방서-고등-119 안전센터,경기도 성남시 수정구 대왕판교로 931(고등동),37.423394,127.105155,031-720-0565,119안전센터,2026-01-29,1
경기재난본부,수원소방서-영통-119 안전센터,수원시 영통구 매영로 325 (영통동),37.2532483,127.0688099,031-8012-9141,119안전센터,2018-03-17,1
경기재난본부,수원소방서-고색-119 안전센터,수원시 권선구 서부로 1614 (고색동),37.2532333,126.9753875,031-8012-9591,119안전센터,2018-03-17,1
경기재난본부,수원소방서-이의-119 안전센터,수원시 영통구 창룡대로 313 (이의동),37.2969183,127.0435404,031-8012-9581,119안전센터,2018-03-17,1
경기재난본부,수원소방서-파장-119 안전센터,수원시 장안구 서부로 2308 (이목동),37.312436,126.9791456,031-8012-9571,119안전센터,2018-03-17,1
경기재난본부,수원소방서-서둔-119 안전센터,수원시 권선구 서호동로 48 (서둔동),37.2689531,126.9933507,031-8012-9561,119안전센터,2018-03-17,1
경기재난본부,수원소방서-지만-119 안전센터,수원시 팔달구 경수대로 660 (우만동),37.2843185,127.0286534,031-8012-9551,119안전센터,2018-03-17,2
경기재난본부,수원소방서-원천-119 안전센터,수원시 영통구 중부대로 349 (원천동),37.2731488,127.0541827,031-8012-9531,119안전센터,2018-03-17,2
경기재난본부,수원소방서-매산-119 안전센터,수원시 팔달구 매산로  89 (매산로 3가),37.2704669,127.0106534,031-8012-9521,119안전센터,2018-03-17,2
경기재난본부,수원소방서-남부-119 안전센터,수원시 권선구 동수원로 286 (권선동),37.2547354,127.0363424,031-8012-9511,119안전센터,2018-03-17,3
경기재난본부,수원소방서-정자-119 안전센터,수원시 장안구 정자천로 189번길 12 (정자동),37.2971847,126.9959707,031-8012-9501,119안전센터,2018-03-17,2
세종소방본부,세종소방서-어진-119 안전센터,세종특별자치시 어진동 610,36.5041461,127.2717542,044-300-8604,119안전센터,2018-03-17,2
세종소방본부,조치원소방서-연서-119 안전센터,세종특별자치시 연서면 도신고복로 306,36.5895597,127.2023079,044-300-8641,119안전센터,2018-03-17,1
세종소방본부,조치원소방서-부강-119 안전센터,세종특별자치시 부강면 청연로 7,36.528295,127.3721491,044-300-8541,119안전센터,2018-03-17,1
세종소방본부,조치원소방서-전의-119 안전센터,세종특별자치시 전의면 서정길 46-6,36.6864602,127.1923338,044-300-8521,119안전센터,2018-03-17,1
세종소방본부,조치원소방서-조치원-119 안전센터,세종특별자치시 조치원읍 세종로 2439,36.6047949,127.2888963,044-300-8501,119안전센터,2018-03-17,2
울산소방본부,온산소방서_울산-화산-119 안전센터,울산광역시 울주군 온산읍 공단로 417,35.4391354,129.3352008,052-241-2840,119안전센터,2018-03-17,1
울산소방본부,온산소방서_울산-웅촌-119 안전센터,울산광역시 울주군 웅촌면 곡천검단로 9,35.4634654,129.2064444,052-241-2910,119안전센터,2018-03-17,1
울산소방본부,온산소방서_울산-온양-119 안전센터,울산광역시 울주군 온양읍 온양로 74,35.4108905,129.2796736,052-241-2890,119안전센터,2018-03-17,2
울산소방본부,온산소방서_울산-온산-119 안전센터,울산광역시 울주군 온산읍 덕신로 232,35.4332554,129.3066022,052-241-2860,119안전센터,2018-03-17,2
울산소방본부,동부소방서_울산-전하-119 안전센터,울산광역시 동구 진성 4가길 8,35.5093597,129.4290742,052-241-2760,119안전센터,2018-03-17,1
울산소방본부,동부소방서_울산-염포-119 안전센터,울산광역시 북구 염포로 769,35.5265178,129.3989237,052-241-2780,119안전센터,2018-03-17,1
울산소방본부,동부소방서_울산-동부(울산)_화정-119 안전센터,울산광역시 동구 방어진순환도로 601,35.4955164,129.4270302,052-241-2740,119안전센터,2018-03-17,1
울산소방본부,동부소방서_울산-화암-119 안전센터,울산광역시 동구 꽃바위2가길 9,35.4823307,129.4125804,052-241-2720,119안전센터,2018-03-17,1
울산소방본부,남부소방서_울산-옥동-119 안전센터,울산광역시 남구 대공원입구로21번길 20,35.5343605,129.2921748,052-241-2690,119안전센터,2018-03-17,1
울산소방본부,남부소방서_울산-남부(울산)_공단-119 안전센터,울산광역시 남구 상개로 190,35.5013543,129.3187548,052-241-2670,119안전센터,2018-03-17,1
울산소방본부,남부소방서_울산-무거-119 안전센터,울산광역시 남구 문수로 89,35.5389417,129.2636742,052-241-2650,119안전센터,2018-03-17,1
울산소방본부,남부소방서_울산-남부(울산)_신정-119 안전센터,울산광역시 남구 신정로 87번길 2,35.5393885,129.3195843,052-241-2630,119안전센터,2018-03-17,2
울산소방본부,남부소방서_울산-여천-119 안전센터,울산광역시 남구 여천로 81-33,35.5253,129.34134,052-241-2610,119안전센터,2018-03-17,1
울산소방본부,남부소방서_울산-남부(울산)_삼산-119 안전센터,울산광역시 남구 삼산중로 149,35.5471664,129.3354638,052-241-2580,119안전센터,2018-03-17,2
울산소방본부,중부소방서_울산-매곡-119 안전센터,울산광역시 북구 오토밸리로 1024,35.6487356,129.359542,052-241-2970,119안전센터,2018-03-17,1
울산소방본부,중부소방서_울산-범서-119 안전센터,울산광역시 울주군 구영앞길 99,35.5697853,129.2362419,052-241-2500,119안전센터,2018-03-17,1
울산소방본부,중부소방서_울산-태화-119 안전센터,울산광역시 중구 태화로 111,35.5533931,129.2879666,052-241-2530,119안전센터,2018-03-17,1
울산소방본부,중부소방서_울산-언양-119 안전센터,울산광역시 울주군 남천둑길 99,35.55875,129.135675,052-241-2460,119안전센터,2018-03-17,3
울산소방본부,중부소방서_울산-농소-119 안전센터,울산광역시 북구 아진로 72,35.6299469,129.3407509,052-241-2480,119안전센터,2018-03-17,1
울산소방본부,중부소방서_울산-병영-119 안전센터,울산광역시 중구 구교로 226,35.5645973,129.3424762,052-241-2440,119안전센터,2018-03-17,2
울산소방본부,중부소방서_울산-성남-119 안전센터,울산광역시 중구 만남의거리 14,35.554175,129.32015,052-241-2420,119안전센터,2018-03-17,1
울산소방본부,중부소방서_울산-유곡-119 안전센터,울산광역시 중구 종가로 205,35.5629508,129.2993104,052-241-2400,119안전센터,2018-03-17,1
경기재난본부,김포소방서-통진-119 안전센터,경기도 김포시 통진읍 김포대로 2250 (마송리),37.6906536,126.5963071,031-980-4521,119안전센터,2018-03-17,2
경기재난본부,김포소방서-양촌-119 안전센터,경기도 김포시 양촌읍 양곡1로 85 (양곡리),37.6580876,126.6223443,031-980-4511,119안전센터,2018-03-17,1
경기재난본부,김포소방서-중앙-119 안전센터,경기도 김포시 감암로 111 (걸포동),37.6415816,126.7085344,031-980-4501,119안전센터,2018-03-17,1
경기재난본부,이천소방서-장호원-119 안전센터,경기도 이천시 장호원읍 서동대로 8829번길 71 (장호원리),37.1170743,127.6146724,031-645-5521,119안전센터,2018-03-17,2
경기재난본부,이천소방서-대월-119 안전센터,경기도 이천시 경충대로 1973 (사동리),37.2436016,127.4974053,031-645-5511,119안전센터,2018-03-17,2
대전소방본부,대전-월평-119 안전센터,대전광역시 서구 청사로 27,36.3600048,127.3668674,042-609-6341,119안전센터,2018-03-17,1
대전소방본부,대전-송촌-119 안전센터,대전광역시 대덕구 동춘당로 65,36.3634599,127.441969,042-609-6551,119안전센터,2018-03-17,1
대전소방본부,대전-문평-119 안전센터,대전광역시 대덕구 문평동로 18번길 34,36.4469491,127.4047254,042-609-6541,119안전센터,2018-03-17,1
대전소방본부,대전-덕암-119 안전센터,대전광역시 대덕구 신탄진로 681번길 10,36.4391257,127.4260783,042-609-6531,119안전센터,2018-03-17,1
대전소방본부,대전-대화-119 안전센터,대전광역시 대덕구 대화로 81,36.3669187,127.4108438,042-609-6521,119안전센터,2018-03-17,1
대전소방본부,대전-법동-119 안전센터,대전광역시 대덕구 계족로 682,36.3723802,127.4290118,042-609-6511,119안전센터,2018-03-17,2
대전소방본부,대전-샘머리-119 안전센터,대전광역시 서구 둔산로 101번길 26,36.3525366,127.3855745,042-609-6351,119안전센터,2026-01-30,1
대전소방본부,대전-탄방-119 안전센터,대전광역시 서구 문정로 142,36.3468088,127.3952512,042-609-6331,119안전센터,2018-03-17,1
대전소방본부,대전-태평-119 안전센터,대전광역시 중구 태평로 91,36.3249014,127.3942065,042-609-6321,119안전센터,2018-03-17,1
대전소방본부,대전-갈마-119 안전센터,대전광역시 서구 갈마중로 15,36.3478898,127.3711216,042-609-6311,119안전센터,2018-03-17,2
경기재난본부,이천소방서-관고-119 안전센터,경기도 이천시 경충대로 2739 (관고동),37.2820952,127.4315605,031-645-5501,119안전센터,2018-03-17,2
경기재난본부,화성소방서-목동-119 안전센터,경기도 화성시 동탄2지구 공공8블럭,37.213333,127.0848338,031-231-0993,119안전센터,2018-03-17,1
경기재난본부,화성소방서-장안-119 안전센터,경기도 화성시 장안면 3.1만세로 119 (어은리),37.0863391,126.8261347,031-351-2119,119안전센터,2018-03-17,1
경기재난본부,화성소방서-봉담-119 안전센터,경기도 화성시 봉담읍 샘마을1길 9 (상리),37.2203519,126.950188,031-8012-6560,119안전센터,2018-03-17,1
경기재난본부,화성소방서-남양-119 안전센터,경기도 화성시 남양시장로 48 (남양동),37.208714,126.8147719,031-8012-6552,119안전센터,2018-03-17,3
경기재난본부,화성소방서-태안-119 안전센터,경기도 화성시 병점중앙로 148 (진안동),37.2111911,127.0389766,031-8012-6542,119안전센터,2018-03-17,1
경기재난본부,화성소방서-반송-119 안전센터,경기도 화성시 동탄반석로 188 (반송동),37.2054557,127.0720881,031-8012-6532,119안전센터,2026-01-30,2
경기재난본부,화성소방서-정남-119 안전센터,경기도 화성시 정남면 정남동로 514 (고지리),37.1649949,127.0022929,031-8012-6522,119안전센터,2018-03-17,1
경기재난본부,화성소방서-향남-119 안전센터,경기도 화성시 향남읍 향남로 399 (행정리),37.1305973,126.9204924,031-8012-6502,119안전센터,2018-03-17,2
경기재난본부,군포소방서-산본-119 안전센터,경기도 군포시 산본로 432번길 1 (산본동),37.3682918,126.9272548,031-479-8512,119안전센터,2018-03-17,1
경기재난본부,군포소방서-오금-119 안전센터,경기도 군포시 고산로 429 (산본동),37.3525963,126.9271193,031-479-8505,119안전센터,2018-03-17,3
경기재난본부,시흥소방서-연성-119 안전센터,경기도 시흥시 새재로 29 (장현동),37.3819021,126.8028531,031-310-0531,119안전센터,2018-03-17,1
경기재난본부,시흥소방서-정왕-119 안전센터,경기도 시흥시 공단1대로 259번길 1 (정왕동),37.3355785,126.7297018,031-310-0521,119안전센터,2018-03-17,1
경기재난본부,시흥소방서-시흥-119 안전센터,경기도 시흥시 정왕신길로 206 (정왕동),37.3494737,126.73965,031-310-0501,119안전센터,2018-03-17,2
경기재난본부,광명소방서-광남-119 안전센터,경기도 광명시 목감로 34 (광명동),37.4715137,126.8457247,031-2610-3530,119안전센터,2018-03-17,1
경기재난본부,광명소방서-하안-119 안전센터,경기도 광명시 범안로 1025 (하안동),37.4614949,126.8770834,031-2610-3520,119안전센터,2018-03-17,1
경기재난본부,광명소방서-광명-119 안전센터,경기도 광명시 사성로 12 (광명동),37.4854303,126.8585601,031-2610-3510,119안전센터,2018-03-17,1
경기재난본부,광명소방서-소하-119 안전센터,경기도 광명시 금하로 472 (소하동),37.4486381,126.8851744,031-2610-3500,119안전센터,2018-03-17,2
경기재난본부,송탄소방서-청북-119 안전센터,경기도 평택시 청북면 현곡산단로 16,37.0336665,126.9391311,031-685-8550,119안전센터,2018-03-17,1
경기재난본부,송탄소방서-고덕-119 안전센터,경기도 평택시 고덕면 고덕로 335,37.0459414,127.0212283,031-695-8540,119안전센터,2018-03-17,1
경기재난본부,송탄소방서-서탄-119 안전센터,경기도 평택시 서탄면 서탄로 241,37.1058612,127.0371075,031-685-8530,119안전센터,2018-03-17,1
경기재난본부,송탄소방서-모곡-119 안전센터,경기도 평택시 산단로64번길 2 (모곡동),37.0369315,127.0769202,031-685-8520,119안전센터,2018-03-17,1
경기재난본부,송탄소방서-진위-119 안전센터,경기도 평택시 진위면 봉남길 30,37.1008606,127.0873614,031-685-8510,119안전센터,2018-03-17,1
경기재난본부,송탄소방서-신장-119 안전센터,경기도 평택시 경기대로 1627 (신장동),37.089811,127.0621453,031-685-8500,119안전센터,2018-03-17,2
경기재난본부,평택소방서-포승-119 안전센터,경기도 평택시 포승읍 평택항로 156번길 11 (만호리),36.9738572,126.8454371,031-8053-6542,119안전센터,2018-03-17,1
경기재난본부,평택소방서-팽성-119 안전센터,경기도 평택시 팽성읍 팽성송화로 172 (송화리),36.9621115,127.0591041,031-8053-6512,119안전센터,2018-03-17,1
경기재난본부,평택소방서-안중-119 안전센터,경기도 평택시 안중읍 안현로서7길 28 (현화리),36.9818447,126.9245029,031-8053-6531,119안전센터,2018-03-17,1
경기재난본부,평택소방서-비전-119 안전센터,경기도 평택시 중앙로 273 (비전동),36.9904771,127.1128559,031-8053-6503,119안전센터,2018-03-17,2
경기재난본부,용인소방서-모현-119 안전센터,경기도 용인시 처인구 모현면 독점로 31-12 (갈담리),37.3292599,127.24156,031-8021-0141,119안전센터,2018-03-17,1
경기재난본부,용인소방서-동백-119 안전센터,경기도 용인시 기흥구 동백6로 33 (중동),37.2776972,127.1551586,031-8021-0591,119안전센터,2018-03-17,2
경기재난본부,용인소방서-백암-119 안전센터,경기도 용인시 처인구 백암면 백암로 247 (백암리),37.1676676,127.3714157,031-8021-0581,119안전센터,2018-03-17,2
경기재난본부,용인소방서-보정-119 안전센터,경기도 용인시 기흥구 보정로 114번길 2 (보정동),37.3196543,127.1158609,031-8021-0571,119안전센터,2018-03-17,1
경기재난본부,용인소방서-이동-119 안전센터,경기도 용인시 처인구 이동면 백옥대로 416-2 (덕성리),37.1745015,127.2043163,031-8021-0561,119안전센터,2018-03-17,1
경기재난본부,용인소방서-포곡-119 안전센터,경기도 용인시 처인구 포곡읍 포곡로 252 (삼계리),37.2776266,127.2300213,031-8021-0551,119안전센터,2018-03-17,1
경기재난본부,용인소방서-남사-119 안전센터,경기도 용인시 처인구 남사면 봉무로 13 (봉무리),37.1154347,127.1522737,031-8021-0541,119안전센터,2018-03-17,1
경기재난본부,용인소방서-양지-119 안전센터,경기도 용인시 처인구 양지면 남평로 46 (남곡리),37.2301228,127.2889099,031-8021-0531,119안전센터,2018-03-17,1
경기재난본부,용인소방서-수지-119 안전센터,경기도 용인시 수지구 풍덕천로 177 (풍덕천동),37.3260426,127.1001384,031-8021-0521,119안전센터,2018-03-17,2
경기재난본부,용인소방서-구갈-119 안전센터,경기도 용인시 기흥구 신구로 74 (구갈동),37.2788981,127.1097918,031-8021-0511,119안전센터,2018-03-17,2
경기재난본부,용인소방서-역북-119 안전센터,경기도 용인시 처인구 명지로 45 (역북동),37.2320791,127.1898579,031-8021-0501,119안전센터,2018-03-17,2
경기재난본부,안산소방서-반월-119 안전센터,경기도 안산시 상록구 건지미길 48 (건건동),37.3030078,126.9055381,031-470-7591,119안전센터,2018-03-17,1
경기재난본부,안산소방서-대부-119 안전센터,경기도 안산시 단원구 영전로 375 (대부동동),37.2401513,126.6177375,031-470-7581,119안전센터,2018-03-17,1
경기재난본부,안산소방서-사동-119 안전센터,경기도 안산시 상록구 항가울로 230 (사동),37.3008071,126.8436254,031-470-7571,119안전센터,2018-03-17,1
경기재난본부,안산소방서-월피-119 안전센터,경기도 안산시 상록구 충장로 645 (월피동),37.3350692,126.8545025,031-470-7551,119안전센터,2018-03-17,1
경기재난본부,안산소방서-성곡-119 안전센터,경기도 안산시 단원구 장자골로 66 (성곡동),37.3126964,126.7655247,031-470-7541,119안전센터,2018-03-17,1
경기재난본부,안산소방서-선부-119 안전센터,경기도 안산시 단원구 선부광장서로 43 (선부동),37.3339559,126.8043984,031-470-7521,119안전센터,2018-03-17,1
경기재난본부,안산소방서-원시-119 안전센터,경기도 안산시 단원구 동산로 31 (원시동),37.3129693,126.7936047,031-470-7511,119안전센터,2018-03-17,1
경기재난본부,안산소방서-고잔-119 안전센터,경기도 안산시 단원구 화랑로 407 (고잔동),37.3213207,126.8332049,031-470-7501,119안전센터,2018-03-17,2
경기재난본부,안양소방서-귀인-119 안전센터,경기도 안양시 동안구 평촌대로 104 (평촌동),37.3817918,126.9614408,031-470-0551,119안전센터,2018-03-17,1
경기재난본부,안양소방서-석수-119 안전센터,경기도 안양시 만안구 석수로 28 (석수동),37.40893,126.9092326,031-470-0541,119안전센터,2018-03-17,1
경기재난본부,안양소방서-관양-119 안전센터,경기도 안양시 동안구 동편로13번길 6,37.406682,126.971622,031-470-0531,119안전센터,2026-01-30,1
경기재난본부,안양소방서-안양-119 안전센터,경기도 안양시 만안구 현충로 55 (안양동),37.3903237,126.925475,031-470-0511,119안전센터,2018-03-17,2
경기재난본부,안양소방서-부림-119 안전센터,경기도 안양시 동안구 관평로212번길 32 (관양동),37.3959988,126.9607654,031-470-0501,119안전센터,2018-03-17,2
경기재난본부,부천소방서-신상-119 안전센터,경기도 부천시 상동로117번길 36 (상동),37.5081334,126.7515485,032-650-4594,119안전센터,2018-03-17,1
경기재난본부,부천소방서-범박-119 안전센터,경기도 부천시 범안로 127 (범박동),37.4705716,126.8094248,032-650-4584,119안전센터,2018-03-17,1
경기재난본부,부천소방서-서부-119 안전센터,경기도 부천시 계남로 169 (중동),37.5078863,126.7677481,032-650-4574,119안전센터,2018-03-17,1
경기재난본부,부천소방서-상동-119 안전센터,경기도 부천시 장말로 113 (상동),37.4943498,126.7545072,032-650-4564,119안전센터,2018-03-17,1
경기북부소방재난본부,파주소방서-운정-119 안전센터,경기도 파주시 야당동 1003-2,37.7118046,126.7498161,031-956-9581,119안전센터,2018-03-17,2
경기북부소방재난본부,파주소방서-적성-119 안전센터,경기도 파주시 적성면 감악산로 1220,37.9555177,126.9283428,031-956-9571,119안전센터,2018-03-17,1
경기북부소방재난본부,파주소방서-교하-119 안전센터,경기도 파주시 청석로 301,37.7289655,126.7172043,031-956-9561,119안전센터,2018-03-17,1
경기북부소방재난본부,파주소방서-월롱-119 안전센터,경기도 파주시 월롱면 엘씨디로 310,37.8151902,126.7525668,031-956-9551,119안전센터,2018-03-17,1
경기북부소방재난본부,파주소방서-탄현-119 안전센터,경기도 파주시 탄현면 필승로 458,37.7813508,126.6872549,031-956-9541,119안전센터,2018-03-17,1
경기북부소방재난본부,파주소방서-광탄-119 안전센터,경기도 파주시 광탄면 혜음로 1040,37.775777,126.8512742,031-956-9531,119안전센터,2018-03-17,1
경기북부소방재난본부,파주소방서-법원-119 안전센터,경기도 파주시 법원읍 화합로 141,37.846774,126.8821978,031-956-9521,119안전센터,2018-03-17,1
경기북부소방재난본부,파주소방서-금촌-119 안전센터,경기도 파주시 가나무로 136,37.753899,126.7804673,031-956-9511,119안전센터,2018-03-17,2
경기북부소방재난본부,파주소방서-통일-119 안전센터,파주시 파주읍 통일로 1564,37.8473462,126.7894521,031-956-9501,119안전센터,2018-03-17,1
경기북부소방재난본부,남양주소방서-가운-119 안전센터,경기도 남양주시 가운로 16,37.604887,127.1583939,031-590-0572,119안전센터,2018-03-17,1
경기북부소방재난본부,남양주소방서-오남-119 안전센터,경기도 남양주시 오남읍 진건오남로 772,37.6968794,127.2056938,031-590-0592,119안전센터,2018-03-17,1
경기북부소방재난본부,남양주소방서-별내-119 안전센터,경기도 남양주시 송산로 41,37.6460041,127.1298125,031-590-0562,119안전센터,2018-03-17,2
경기북부소방재난본부,남양주소방서-와부-119 안전센터,경기도 남양주시 와부읍 덕소로 97번길 34-2,37.5857862,127.2162184,031-590-0532,119안전센터,2018-03-17,1
경기북부소방재난본부,남양주소방서-화도-119 안전센터,경기도 남양주시 화도읍 수레로 1260번길 25,37.6501777,127.3048297,031-590-0542,119안전센터,2018-03-17,2
경기북부소방재난본부,남양주소방서-진건-119 안전센터,경기도 남양주시 진건읍 진건오남로 112-21,37.6601321,127.1802625,031-590-0552,119안전센터,2018-03-17,1
경기북부소방재난본부,남양주소방서-진접-119 안전센터,경기도 남양주시 진접읍 금강로 1509-25,37.7255335,127.189701,031-590-0522,119안전센터,2018-03-17,1
경기북부소방재난본부,남양주소방서-평내-119 안전센터,경기도 남양주시 평내로 25,37.6434158,127.2322211,031-590-0503,119안전센터,2018-03-17,2
경기북부소방재난본부,의정부소방서-송산-119 안전센터,경기도 의정부시 충의로 90,37.7398178,127.0865102,031-849-7530,119안전센터,2018-03-17,1
경기북부소방재난본부,의정부소방서-호원-119 안전센터,경기도 의정부시 평화로 322번길 7,37.7208387,127.0481812,031-849-7520,119안전센터,2018-03-17,1
경기북부소방재난본부,의정부소방서-금오-119 안전센터,경기도 의정부시 호국로 1434-14,37.7493447,127.0612693,031-849-7510,119안전센터,2018-03-17,2
경기북부소방재난본부,의정부소방서-흥선-119 안전센터,경기도 의정부시 의정로 48,37.7370748,127.035361,031-849-7500,119안전센터,2026-01-30,3
경기북부소방재난본부,일산소방서-대화-119 안전센터,경기도 고양시 일산서구 대화동 2321-2,37.679023,126.7419742,031-930-0572,119안전센터,2018-03-17,1
경기북부소방재난본부,일산소방서-고봉-119 안전센터,경기도 고양시 일산동구 성현로 429,37.699357,126.8306782,031-930-0551,119안전센터,2018-03-17,1
경기북부소방재난본부,일산소방서-중산-119 안전센터,경기도 고양시 일산동구 중산로 218,37.6914164,126.7805407,031-930-0541,119안전센터,2018-03-17,2
경기북부소방재난본부,일산소방서-주엽-119 안전센터,경기도 고양시 일산서구 주화로 82,37.6701678,126.7592197,031-930-0521,119안전센터,2018-03-17,1
경기북부소방재난본부,일산소방서-백석-119 안전센터,경기도 고양시 일산동구 장백로 78,37.6442206,126.7850402,031-930-0511,119안전센터,2018-03-17,1
경기북부소방재난본부,일산소방서-장항-119 안전센터,경기도 고양시 일산동구 중앙로 1325,37.6630508,126.7696353,031-930-0501,119안전센터,2018-03-17,2
경기북부소방재난본부,고양소방서-화전-119 안전센터,경기도 고양시 덕양구 중앙로 78,37.5965015,126.8770728,031-931-0542,119안전센터,2018-03-17,1
경기북부소방재난본부,고양소방서-행신-119 안전센터,경기도 고양시 덕양구 소원로181번길 52,37.6150888,126.8434383,031-931-0532,119안전센터,2018-03-17,1
경기북부소방재난본부,고양소방서-삼송-119 안전센터,경기도 고양시 덕양구 삼송로136번길 80-6,37.6522164,126.8931523,031-931-0522,119안전센터,2018-03-17,2
경기북부소방재난본부,고양소방서-능곡-119 안전센터,경기도 고양시 덕양구 토당로 48,37.6202355,126.8207253,031-931-0512,119안전센터,2018-03-17,1
경기북부소방재난본부,고양소방서-원당-119 안전센터,경기도 고양시 덕양구 고양대로 1342,37.6550568,126.8331956,031-931-0502,119안전센터,2018-03-17,2
경기재난본부,과천소방서-과천-119 안전센터,경기도 과천시 궁말로 30 (주암동),37.4422944,127.008872,02-331-4510,119안전센터,2018-03-17,1
경기재난본부,과천소방서-중앙-119 안전센터,경기도 과천시 통영로 12 (중앙동),37.4285792,126.990472,02-331-4500,119안전센터,2018-03-17,2
경기재난본부,양평소방서-용문-119 안전센터,경기도 양평군 용문면 연수로 64 (다문리),37.4929878,127.5903207,031-770-0531,119안전센터,2018-03-17,3
경기재난본부,양평소방서-강상-119 안전센터,경기도 양평군 강상면 송학길 54 (송학리),37.4803451,127.4782139,031-770-0521,119안전센터,2018-03-17,1
경기재난본부,양평소방서-공흥-119 안전센터,경기도 양평군 양평읍 경강로 2047 (공흥리),37.5003332,127.5073421,031-770-0507,119안전센터,2018-03-17,2
경기재난본부,여주소방서-북내-119 안전센터,경기도 여주시 북내면 도예로 440 (당우리),37.3247091,127.6778593,031-887-8521,119안전센터,2018-03-17,2
경기재난본부,여주소방서-가남-119 안전센터,경기도 여주시 가남면 일신로 32 (태평리),37.2134355,127.5434964,031-887-8511,119안전센터,2018-03-17,1
경기재난본부,여주소방서-월송-119 안전센터,경기도 여주시 우암로 110 (월송동),37.2916731,127.6257777,031-887-8501,119안전센터,2026-01-30,2
경기재난본부,오산소방서-원동-119 안전센터,경기도 오산시 경기대로 99 (원동),37.1336369,127.0722311,031-8059-7510,119안전센터,2018-03-17,1
경기재난본부,오산소방서-청학-119 안전센터,경기도 오산시 청학로 55-6 (청학동),37.1547092,127.0638941,031-8059-7500,119안전센터,2018-03-17,1
경기재난본부,의왕소방서-부곡-119 안전센터,경기도 의왕시 오봉로 289,37.327895,126.952144,031-596-0510,119안전센터,2026-01-30,1
경기재난본부,의왕소방서-백운-119 안전센터,경기도 의왕시 안양판교로 187 (청계동),37.3905868,126.9925141,031-596-0531,119안전센터,2018-03-17,1
경기재난본부,의왕소방서-고천-119 안전센터,경기도 의왕시 오봉로 9 (고천동),37.3441651,126.9747136,031-596-0502,119안전센터,2018-03-17,2
경기재난본부,하남소방서-덕풍-119 안전센터,경기도 하남시 덕풍서로 60 (덕풍동),37.5522654,127.2044638,031-799-4532,119안전센터,2018-03-17,2
경기재난본부,하남소방서-감일-119 안전센터,경기도 하남시 감일백제로 77(감이동),37.506345,127.15708,031-799-4511,119안전센터,2026-01-30,1
경기재난본부,하남소방서-미사-119 안전센터,경기도 하남시 미사강변대로 190,37.567025,127.185519,031-799-4511,119안전센터,2026-01-30,2
경기재난본부,하남소방서-신장-119 안전센터,경기도 하남시 대청로 76 (신장동),37.5398975,127.2204324,031-799-4502,119안전센터,2018-03-17,1
경기재난본부,안성소방서-공도-119 안전센터,경기도 안성시 공도읍 공도로 111 (만정리),37.0008594,127.173101,031-618-8119,119안전센터,2018-03-17,1
경기재난본부,안성소방서-죽산-119 안전센터,경기도 안성시 죽산면 장원공단길 38 (장원리),37.0680606,127.4240444,031-678-4520,119안전센터,2018-03-17,1
경기재난본부,안성소방서-미양-119 안전센터,경기도 안성시 미양면 제2공단3길 8 (계륵리),36.9775628,127.2605884,031-677-7119,119안전센터,2018-03-17,1
경기재난본부,안성소방서-도기-119 안전센터,경기도 안성시 미양로 855 (도기동),37.0004851,127.2560104,031-678-4501,119안전센터,2018-03-17,2
경기재난본부,광주소방서-능평-119 안전센터,경기도 광주시 오포읍 대명대길 30 (능평리),37.3572416,127.1687436,031-799-2540,119안전센터,2018-03-17,1
경기재난본부,광주소방서-곤지암-119 안전센터,경기도 광주시 곤지암읍 도척로 163 (곤지암리),37.3378171,127.3367752,031-799-2530,119안전센터,2018-03-17,1
경기재난본부,광주소방서-오포-119 안전센터,경기도 광주시 오포읍 오포로 910-5 (고산리),37.371385,127.233549,031-799-2521,119안전센터,2018-03-17,1
경기재난본부,광주소방서-송정-119 안전센터,경기도 광주시 수하길 36 (송정동),37.4148213,127.2642752,031-799-2510,119안전센터,2026-01-30,1
경기재난본부,광주소방서-초월-119 안전센터,경기도 광주시 초월읍 무들로 112 (대쌍령리),37.385597,127.2995112,031-799-2500,119안전센터,2018-03-17,3
경기재난본부,김포소방서-마산-119 안전센터,경기도 김포시 김포한강8로 196,37.6396485,126.6443504,031-980-4571,119안전센터,2018-03-17,1
경기재난본부,김포소방서-대곶-119 안전센터,경기도 김포시 대곶면 수남로 104,37.6334757,126.5824861,031-980-4561,119안전센터,2018-03-17,1
경기재난본부,김포소방서-하성-119 안전센터,경기도 김포시 하성면 하성로 404 (마곡리),37.7112996,126.6376544,031-980-4541,119안전센터,2018-03-17,1
경기재난본부,김포소방서-고촌-119 안전센터,경기도 김포시 고촌읍 은행영사정로 31 (신곡리),37.6023615,126.7737294,031-980-4531,119안전센터,2018-03-17,1
강원소방본부,평창소방서-진부-119 안전센터,강원도 평창군 진부면 진부로 37,37.6447332,128.5674389,033-339-8531,119안전센터,2018-03-17,1
강원소방본부,평창소방서-현장대응과(평창)-119 안전센터,강원도 평창군 평창읍 살구실길 10,37.3782173,128.3892757,033-333-9118,119안전센터,2018-03-17,1
강원소방본부,영월소방서-산솔-119 안전센터,강원도 영월군 중동면 응고개길 10-17,37.1424979,128.6798601,033-371-7541,119안전센터,2018-03-17,2
강원소방본부,영월소방서-주천-119 안전센터,강원도 영월군 송학주천로 1467-15,37.2747988,128.2697868,033-371-7531,119안전센터,2018-03-17,2
강원소방본부,영월소방서-영월-119 안전센터,강원도 영월군 영월읍 영월로 1863,37.1853596,128.45845,033-373-0119,119안전센터,2018-03-17,2
강원소방본부,횡성소방서-우천-119 안전센터,강원도 횡성군 우천면 서동로 199,37.4475992,128.0750977,033-340-9541,119안전센터,2018-03-17,2
강원소방본부,횡성소방서-둔내-119 안전센터,강원도 횡성군 둔내면 고원남로 42,37.5065482,128.2123264,033-340-9531,119안전센터,2018-03-17,1
강원소방본부,횡성소방서-공근-119 안전센터,강원특별자치도 횡성군 공근면 영서로 130-5,37.532187,127.962453,033-344-3119,119안전센터,2026-01-30,1
강원소방본부,횡성소방서-횡성-119 안전센터,강원도 횡성군 횡성읍 문예로 157,37.4853506,127.9739835,033-343-0119,119안전센터,2026-01-30,1
강원소방본부,홍천소방서-서석-119 안전센터,강원도 홍천군 서석면 구룡령로 2512,37.7128905,128.1841197,033-439-2531,119안전센터,2018-03-17,2
강원소방본부,홍천소방서-양덕원-119 안전센터,강원도 홍천군 남면 시동로 38,37.6122562,127.7704377,033-439-2541,119안전센터,2018-03-17,1
강원소방본부,홍천소방서-현장대응과(홍천)-119 안전센터,강원도 홍천군 홍천읍 공작산로 99,37.6915636,127.9022656,033-432-2119,119안전센터,2018-03-17,4
강원소방본부,삼척소방서-원덕-119 안전센터,강원도 삼척시 원덕읍 삼척로 504,37.180051,129.33005,033-570-8551,119안전센터,2018-03-17,3
강원소방본부,삼척소방서-근덕-119 안전센터,강원도 삼척시 근덕면 교가길 37,37.3801345,129.2281599,033-570-8541,119안전센터,2018-03-17,1
강원소방본부,삼척소방서-도계-119 안전센터,강원도 삼척시 도계읍 도계강변3길 16,37.2408522,129.04575,033-570-8531,119안전센터,2018-03-17,2
강원소방본부,삼척소방서-봉황-119 안전센터,강원도 삼척시 봉황로 101,37.4468677,129.1707633,033-573-0119,119안전센터,2026-01-30,2
강원소방본부,속초소방서-설악-119 안전센터,강원도 속초시 청봉로5길 37,38.1661644,128.5253719,033-630-2541,119안전센터,2018-03-17,1
강원소방본부,속초소방서-영랑-119 안전센터,강원도 속초시 동해대로 4219,38.1958059,128.5773493,033-630-2531,119안전센터,2018-03-17,1
강원소방본부,속초소방서-노학-119 안전센터,강원도 속초시 미시령로 3226,38.2036833,128.5601889,033-631-0119,119안전센터,2018-03-17,2
강원소방본부,태백소방서-화전-119 안전센터,강원도 태백시 태백로 814,37.1806263,128.984325,033-550-8551,119안전센터,2018-03-17,1
강원소방본부,태백소방서-철암-119 안전센터,강원도 태백시 동태백로 552,37.1210271,129.044225,033-550-8541,119안전센터,2018-03-17,1
강원소방본부,태백소방서-태백_장성-119 안전센터,강원도 태백시 석공길 16-9,37.1034453,129.0080219,033-550-8531,119안전센터,2018-03-17,1
강원소방본부,태백소방서-현장대응과(황지)-119 안전센터,강원도 태백시 태백로 1120,37.1585158,128.9893395,033-553-1119,119안전센터,2018-03-17,1
강원소방본부,동해소방서-북평-119 안전센터,강원도 동해시 공단1로 21,37.4716971,129.1431527,033-530-8551,119안전센터,2018-03-17,1
강원소방본부,동해소방서-북삼-119 안전센터,강원도 동해시 효자남길 33-10,37.4893599,129.1068782,033-530-8541,119안전센터,2018-03-17,2
강원소방본부,동해소방서-묵호-119 안전센터,강원도 동해시 일출로 29,37.5516043,129.1106571,033-530-8531,119안전센터,2018-03-17,1
강원소방본부,동해소방서-현장대응과(천곡)-119 안전센터,강원도 동해시 천곡로 120,37.5246394,129.1184909,033-533-0119,119안전센터,2018-03-17,2
강원소방본부,강릉소방서-강릉_옥계-119 안전센터,강원도 강릉시 옥계면 현내시장길 163,37.6023162,129.0301545,033-610-8571,119안전센터,2018-03-17,2
강원소방본부,강릉소방서-포남-119 안전센터,강원도 강릉시 하평2길 23,37.7723012,128.9128895,033-610-8561,119안전센터,2018-03-17,1
강원소방본부,강릉소방서-주문진-119 안전센터,강원도 강릉시 연곡면 연주로 226,37.8740036,128.8316215,033-610-8551,119안전센터,2018-03-17,1
강원소방본부,강릉소방서-내곡-119 안전센터,강원도 강릉시 범일로 660,37.7447454,128.8846775,033-610-8541,119안전센터,2018-03-17,1
강원소방본부,강릉소방서-경포-119 안전센터,강원도 강릉시 해안로 502,37.8050228,128.9052478,033-610-8531,119안전센터,2018-03-17,1
강원소방본부,원주소방서-흥업-119 안전센터,강원도 원주시 귀래면 북원로 53-5,37.1661206,127.8842321,033-769-1591,119안전센터,2018-03-17,2
강원소방본부,원주소방서-문막-119 안전센터,강원도 원주시 문막읍 문막시장1길 90,37.3034823,127.8145737,033-769-1581,119안전센터,2018-03-17,2
강원소방본부,원주소방서-원주_신림-119 안전센터,강원도 원주시 신림면 치악로 27,37.2297571,128.079015,033-769-1551,119안전센터,2018-03-17,1
강원소방본부,원주소방서-현장대응과(명륜)-119 안전센터,강원도 원주시 남원로 487,37.328358,127.944363,033-762-0119,119안전센터,2018-03-17,1
강원소방본부,춘천소방서-신북-119 안전센터,강원도 춘천시 신북읍 신북로 35,37.9284536,127.7512506,033-248-9461,119안전센터,2018-03-17,1
강원소방본부,춘천소방서-강촌-119 안전센터,강원도 춘천시 남산면 소주고개로 680,37.7852337,127.6474569,033-248-9561,119안전센터,2018-03-17,1
강원소방본부,춘천소방서-대룡-119 안전센터,강원도 춘천시 동내면 고은길9,37.846175,127.7711482,033-248-9542?,119안전센터,2018-03-17,1
강원소방본부,춘천소방서-춘천_효자-119 안전센터,강원도 춘천시 효명길 8,37.8710328,127.7263561,033-248-9541,119안전센터,2018-03-17,2
강원소방본부,춘천소방서-소양-119 안전센터,강원도 춘천시 금강로 15,37.882111,127.7244645,033-248-9531,119안전센터,2018-03-17,1
강원소방본부,춘천소방서-현장대응과(후평)-119 안전센터,강원도 춘천시 후석로 446,37.889424,127.7433,033-241-0119,119안전센터,2018-03-17,2
경기북부소방재난본부,연천소방서-연천-119 안전센터,경기도 연천군 연천읍 차현로 92,38.0994716,127.0768715,031-830-0531,119안전센터,2018-03-17,2
경기북부소방재난본부,연천소방서-전곡-119 안전센터,경기도 연천군 전곡읍 전곡로 27,38.0162574,127.0719869,031-830-0521,119안전센터,2018-03-17,1
경기북부소방재난본부,연천소방서-은대-119 안전센터,경기도 연천군 전곡읍 평화로 892,38.0482463,127.0683901,031-830-0502,119안전센터,2018-03-17,1
경기북부소방재난본부,가평소방서-조종-119 안전센터,가평군 조종면 현창로 14,37.8161608,127.3498024,031-580-0522,119안전센터,2018-03-17,1
경기북부소방재난본부,가평소방서-설악-119 안전센터,경기도 가평군 청평면 경춘로 1037,37.753611,127.434124,031-580-0532,119안전센터,2026-01-30,1
경기북부소방재난본부,가평소방서-대곡-119 안전센터,가평군 가평읍 가화로 36,37.8232947,127.5165809,031-580-0507,119안전센터,2026-01-30,1
경기북부소방재난본부,동두천소방서-소요-119 안전센터,경기도 동두천시 평화로 2910번길 65(상봉암동),37.9464081,127.0651326,031-830-5511,119안전센터,2018-03-17,1
경기북부소방재난본부,동두천소방서-불현-119 안전센터,경기도 동두천시 지행로 6(지행동),37.8922941,127.0476176,031-830-5501,119안전센터,2018-03-17,3
경기북부소방재난본부,양주소방서-장흥-119 안전센터,양주시 장흥면 일영로 794,37.7120455,126.9362472,031-849-8551,119안전센터,2018-03-17,1
경기북부소방재난본부,양주소방서-남면-119 안전센터,양주시 남면 삼육사로 247,37.9017492,126.9864603,031-849-8542,119안전센터,2018-03-17,1
경기북부소방재난본부,양주소방서-고읍-119 안전센터,양주시 고덕로 266,37.8019333,127.06975,031-849-8532,119안전센터,2018-03-17,1
경기북부소방재난본부,양주소방서-광적-119 안전센터,양주시 광적면 광적로 55,37.8234855,126.9815412,031-849-8522,119안전센터,2018-03-17,1
경기북부소방재난본부,양주소방서-회천-119 안전센터,양주시 화합로 1272,37.8461987,127.055575,031-849-8512,119안전센터,2018-03-17,1
경기북부소방재난본부,양주소방서-백석-119 안전센터,양주시 백석읍 꿈나무로 156,37.795763,126.9893738,031-849-8507,119안전센터,2018-03-17,1
경기북부소방재난본부,포천소방서-영중-119 안전센터,경기도 포천시 영중면 양문로 66,37.9985344,127.2427035,031-538-5560,119안전센터,2018-03-17,1
경기북부소방재난본부,포천소방서-내촌-119 안전센터,경기도 포천시 내촌면 내촌로 120,37.7904076,127.2305042,031-538-5550,119안전센터,2018-03-17,1
경기북부소방재난본부,포천소방서-가산-119 안전센터,경기도 포천시 포천로 890,37.8485321,127.194475,031- 538-5540,119안전센터,2018-03-17,1
경기북부소방재난본부,포천소방서-일동-119 안전센터,경기도 포천시 일동면 영일로 978,37.9480881,127.3099586,031-538-5530,119안전센터,2018-03-17,2
경기북부소방재난본부,포천소방서-영북-119 안전센터,경기도 포천시 영북면 영북로 144,38.0871144,127.2754167,031-538-5520,119안전센터,2018-03-17,2
경기북부소방재난본부,포천소방서-소흘-119 안전센터,경기도 포천시 소흘읍 송우로 182(송우리 576-1),37.836111,127.1317566,031-538-5511,119안전센터,2018-03-17,1
경기북부소방재난본부,포천소방서-군내-119 안전센터,경기도 포천시 군내면 호국로 1538,37.8913983,127.2025465,031-538-5500,119안전센터,2018-03-17,2
경기북부소방재난본부,구리소방서-인창-119 안전센터,경기도 구리시 건원대로 34번길 28 인창119안전센터,37.6041404,127.1419625,031-570-6512,119안전센터,2018-03-17,1
경기북부소방재난본부,구리소방서-교문-119 안전센터,경기도 구리시 아차산로 487번길 46 교문119안전센터,37.5982996,127.1278435,031-570-6501,119안전센터,2018-03-17,1
충남소방본부,천안서북소방서-서부-119 안전센터,충남 천안시 서북구 양지18길 22,36.8122597,127.1387958,041-360-0381,119안전센터,2018-03-17,1
충남소방본부,천안서북소방서-성거-119 안전센터,충남 천안시 서북구 성거읍 천흥8길 11,36.8833453,127.2078642,041-360-0361,119안전센터,2018-03-17,1
충남소방본부,천안서북소방서-차암-119 안전센터,충남 천안시 서북구 직산읍 4산단 2길 32,36.8625095,127.1160297,041-360-0331,119안전센터,2018-03-17,1
충남소방본부,천안동남소방서-병천-119 안전센터,충남 천안시 동남구 병천면 아우내순대길 78,36.7641688,127.3010448,041-570-0382,119안전센터,2018-03-17,1
충남소방본부,천안동남소방서-독립-119 안전센터,충남 천안시 동남구 목천읍 삼방로 95,36.7814917,127.2216625,041-570-0362,119안전센터,2018-03-17,3
충남소방본부,천안동남소방서-청당-119 안전센터,충남 천안시 동남구 광덕면 신흥리1길 148,36.7006077,127.1108469,041-570-0402,119안전센터,2018-03-17,1
충남소방본부,천안동남소방서-구성-119 안전센터,충남 천안시 동남구 천안대로 580,36.7998721,127.1653741,041-570-0332,119안전센터,2018-03-17,2
충북소방본부,단양소방서-매포-119 안전센터,충북 단양군 매포읍 평동4로 79,37.0311068,128.2948283,043-422-0119,119안전센터,2018-03-17,1
충북소방본부,단양소방서-단양_중앙-119 안전센터,충북 단양군 단양읍 중앙1로 29,36.9861842,128.3677181,043-421-0119,119안전센터,2018-03-17,2
충북소방본부,음성소방서-감곡-119 안전센터,충북 음성군 감곡면 음성로 2652,37.1120321,127.6440625,043-881-3119,119안전센터,2018-03-17,1
충북소방본부,음성소방서-대소-119 안전센터,충북 음성군 대소면 오산로 74,36.9695513,127.486,043-881-7119,119안전센터,2018-03-17,1
충북소방본부,음성소방서-음성-119 안전센터,충북 음성군 음성읍 음성로 122,36.930219,127.6784717,043-872-2119,119안전센터,2018-03-17,1
충북소방본부,음성소방서-금왕-119 안전센터,충북 음성군 금왕읍 응천서길 11,36.9896677,127.5952281,043-877-0119,119안전센터,2026-01-30,2
충북소방본부,괴산소방서-괴산_중앙-119 안전센터,충북 괴산군 괴강로 69,36.8075933,127.8013959,043-760-0216,119안전센터,2018-03-17,4
충북소방본부,진천소방서-진천_덕산-119 안전센터,충북 진천군 덕산면 초금로 606-1,36.8992691,127.5106377,043-539-8241,119안전센터,2018-03-17,1
충북소방본부,진천소방서-광혜원-119 안전센터,충북 진천군 광혜원면 화랑길 99,36.9918062,127.4367307,043-539-8221,119안전센터,2018-03-17,2
충북소방본부,진천소방서-진천_중앙-119 안전센터,충북 진천군 진천읍 진광로 93,36.8728097,127.4410784,043-539-3875,119안전센터,2018-03-17,2
충북소방본부,증평소방서-증평_중앙-119 안전센터,증평군 증평읍 충청대로 1789,36.7878912,127.5838223,043-836-4119,119안전센터,2018-03-17,1
충북소방본부,영동소방서-황간-119 안전센터,충북 영동군 황간면 황간로 132,36.235293,127.9039,043-742-4119,119안전센터,2018-03-17,2
충북소방본부,영동소방서-영동_중앙-119 안전센터,충북 영동군 영동읍 영동황간로 174,36.1656657,127.7890123,043-740-7111,119안전센터,2018-03-17,2
충북소방본부,옥천소방서-청산-119 안전센터,충북 옥천군 청산면 남부로 2306,36.3450498,127.7813228,043-730-1921,119안전센터,2018-03-17,1
충북소방본부,옥천소방서-옥천_중앙-119 안전센터,충북 옥천군 옥천읍 중앙로 132,36.3079508,127.5742761,043-730-1901,119안전센터,2018-03-17,3
충북소방본부,보은소방서-구병산-119 안전센터,충북 보은군 마로면 관기 송현로 78,36.4355732,127.8174267,043-773-0251,119안전센터,2018-03-17,1
충북소방본부,보은소방서-속리산-119 안전센터,충북 보은군 속리산면 법주사로 278,36.5321025,127.8237383,043-773-0231,119안전센터,2018-03-17,1
충북소방본부,보은소방서-보은_중앙-119 안전센터,충북 보은군 보은읍 남부로 4415,36.4769632,127.7221438,043-773-0215,119안전센터,2018-03-17,1
충북소방본부,제천소방서-제천_봉양-119 안전센터,충북 제천시 봉양읍 북부로1433,37.1315909,128.1286748,043-641-7340,119안전센터,2018-03-17,1
충북소방본부,제천소방서-화산-119 안전센터,충북 제천시 강명길 17,37.1186628,128.2040773,043-641-7310,119안전센터,2018-03-17,2
충북소방본부,제천소방서-제천_중앙-119 안전센터,충북 제천시 신죽하로 164,37.16059,128.2128,043-641-7119,119안전센터,2018-03-17,1
충북소방본부,충주소방서-연수-119 안전센터,충북 충주시 연수동 454-30,36.9828079,127.9353734,전화공사중,119안전센터,2018-03-17,1
충북소방본부,충주소방서-앙성-119 안전센터,충북 충주시 앙성면 가곡로 1019,37.108693,127.752216,043-841-3370,119안전센터,2018-03-17,2
충북소방본부,충주소방서-수안보-119 안전센터,충북 충주시 수안보면 관동길 9-7,36.8470755,127.9941083,043-841-3350,119안전센터,2018-03-17,1
충북소방본부,충주소방서-호암-119 안전센터,충북 충주시 호암대로 13,36.9592335,127.9279495,043-841-3340,119안전센터,2018-03-17,1
충북소방본부,충주소방서-주덕-119 안전센터,충청북도 충주시 주덕읍 신양리 570-3,36.971241,127.791168,043-841-3342,119안전센터,2026-01-30,1
충북소방본부,충주소방서-목행-119 안전센터,충북 충주시 목행산단7로 9,37.0032917,127.9211,043-841-3331,119안전센터,2018-03-17,1
충북소방본부,서부소방서_충북-남이-119 안전센터,충북 청주시 서원구 청남로 866,36.5307207,127.4287783,043-249-9867,119안전센터,2018-03-17,1
충북소방본부,서부소방서_충북-서부(충북)_사직-119 안전센터,충북 청주시 서원구 사직대로 229,36.6378228,127.4723282,043-249-9852,119안전센터,2018-03-17,1
충북소방본부,서부소방서_산남-119 안전센터,충북 청주시 서원구 산미로 70,36.6040265,127.4704346,043-249-9837,119안전센터,2018-03-17,1
충북소방본부,서부소방서_충북-복대-119 안전센터,충북 청주시 흥덕구 공단로 93,36.6398817,127.4396546,043-249-9822,119안전센터,2018-03-17,2
충북소방본부,서부소방서_충북-가경-119 안전센터,충북 청주시 흥덕구 가경로 143,36.62729,127.43695,043-249-9804,119안전센터,2018-03-17,2
충북소방본부,동부소방서_충북-오창-119 안전센터,충북 청주시 청원구 오창읍 중심상업2로 30,36.71281,127.4324718,043-216-2119,119안전센터,2018-03-17,1
충북소방본부,동부소방서_충북-내수-119 안전센터,충북 청주시 청원구 내수읍 청암로80,36.7245899,127.5389913,043-214-0119,119안전센터,2018-03-17,1
충북소방본부,동부소방서_충북-문의-119 안전센터,충북 청주시 상당구 문의면 문의시내1길 8,36.5173082,127.496528,043-298-7119,119안전센터,2018-03-17,2
충북소방본부,동부소방서_충북-북문-119 안전센터,충북 청주시 상당구 상당로 168,36.64329,127.489938,043-224-1119,119안전센터,2018-03-17,1
충북소방본부,동부소방서_충북-사천-119 안전센터,충북 청주시 청원구 율봉로202번길 66-2,36.6658468,127.4904891,043-213-0119,119안전센터,2018-03-17,1
충북소방본부,동부소방서_충북-동부(충북)_중앙-119 안전센터,충북 청주시 상당구 영운로 61,36.6209601,127.494848,043-255-0119,119안전센터,2018-03-17,2
강원소방본부,양양소방서-강현-119 안전센터,강원특별자치도 양양군 강현면 장산1길 26,37.995153,128.737983,033-672-2119,119안전센터,2026-01-30,1
강원소방본부,양양소방서-하조대-119 안전센터,강원특별자치도 양양군 현북면 동해대로 1155-33,38.147832,128.597673,033-639-7533,119안전센터,2026-01-30,1
강원소방본부,양양소방서-방호구조과(양양)-119 안전센터,강원도 양양군 양양읍 남대천로 33,38.0674264,128.6224396,033-671-2119,119안전센터,2018-03-17,1
강원소방본부,고성소방서-거진-119 안전센터,강원도 고성군 거진읍 수외길 19,38.4410185,128.4526906,033-681-7119,119안전센터,2018-03-17,2
강원소방본부,고성소방서-동광-119 안전센터,강원도 고성군 토성면 동해대로 5320,38.2811849,128.5492178,033-631-1119,119안전센터,2018-03-17,1
강원소방본부,고성소방서-방호구조과(간성)-119 안전센터,강원도 고성군 간성읍 수성로 37-11,38.3769921,128.4738364,033-681-1119,119안전센터,2018-03-17,1
강원소방본부,인제소방서-기린-119 안전센터,강원도 인제군 기린면 내린천로 4100,37.9616761,128.3206439,033-461-5119,119안전센터,2018-03-17,2
강원소방본부,인제소방서-원통-119 안전센터,강원도 인제군 북면 원통로 276,38.126176,128.2135799,033-461-3119,119안전센터,2018-03-17,2
강원소방본부,인제소방서-방호구조과(인제)-119 안전센터,강원도 인제군 인제읍 비봉로 44번길 71,38.0614106,128.168508,033-460-9210,119안전센터,2018-03-17,1
강원소방본부,철원소방서-갈말-119 안전센터,강원도 철원군 갈말읍 명성로 229,38.1521725,127.3070147,033-450-2551,119안전센터,2018-03-17,1
강원소방본부,철원소방서-김화-119 안전센터,강원도 철원군 서면 약수로 76,38.245421,127.4353237,033-450-2541,119안전센터,2018-03-17,2
강원소방본부,철원소방서-동송-119 안전센터,강원도 철원군 동송읍 금학로 251길 17,38.2107647,127.2161308,033-450-2531,119안전센터,2018-03-17,1
강원소방본부,철원소방서-방호구조과(갈말)-119 안전센터,강원도 철원군 갈말읍 태봉로 1504,38.1855846,127.323525,033-452-7119,119안전센터,2018-03-17,1
강원소방본부,정선소방서-사북-119 안전센터,강원도 정선군 사북읍 하이원길 29,37.224175,128.8156283,033-592-2119,119안전센터,2018-03-17,2
강원소방본부,정선소방서-임계-119 안전센터,강원도 정선군 임계면 송계4길 9,37.4951465,128.8529298,033-562-6119,119안전센터,2018-03-17,2
강원소방본부,정선소방서-고한-119 안전센터,강원도 정선군 고한읍 강원남로 6455,37.1949013,128.869425,033-591-3119,119안전센터,2018-03-17,1
강원소방본부,정선소방서-신동-119 안전센터,강원도 정선군 신동읍 의림로 342,37.2208853,128.647282,033-378-0119,119안전센터,2018-03-17,1
강원소방본부,정선소방서-방호구조과(정선)-119 안전센터,강원도 정선군 녹송로 27,37.3797392,128.6718684,033-563-0119,119안전센터,2018-03-17,1
강원소방본부,평창소방서-대관령-119 안전센터,강원도 평창군 대관령면 올림픽로 62-20,37.6725459,128.7012598,033-339-8551,119안전센터,2018-03-17,1
강원소방본부,평창소방서-대화-119 안전센터,강원도 평창군 대화면 평창대로 934,37.5031563,128.4542482,033-339-8506,119안전센터,2018-03-17,2
강원소방본부,평창소방서-봉평-119 안전센터,강원도 평창군 봉평면 기풍로 107-6,37.6124585,128.3776755,033-339-8541,119안전센터,2018-03-17,2
전북소방본부,전주덕진소방서-금암-119 안전센터,전북 전주시 덕진구 백제대로 611,35.8421216,127.1363781,063-250-4272,119안전센터,2018-03-17,2
충남소방본부,청양소방서-정산-119 안전센터,충남 청양군 정산면 서정4길 49,36.4166596,126.9479615,041-940-7362,119안전센터,2018-03-17,2
충남소방본부,청양소방서-청양-119 안전센터,충남 청양군 청양읍 충절로 1187,36.451623,126.7924514,041-940-7252,119안전센터,2018-03-17,2
충남소방본부,태안소방서-근흥-119 안전센터,충남 태안군 근흥면 신진도리 249,36.6824865,126.1474251,041-671-0402,119안전센터,2018-03-17,2
충남소방본부,태안소방서-원북-119 안전센터,충남 태안군 원북면 원이로 1031,36.8356519,126.2723911,041-671-0383,119안전센터,2018-03-17,1
충남소방본부,태안소방서-안면-119 안전센터,충남 태안군 안면읍 장터로 77,36.5158834,126.3480905,041-671-0363,119안전센터,2018-03-17,2
충남소방본부,태안소방서-태안_태안-119 안전센터,충남 태안군 태안읍 동백로 100,36.758023,126.2861164,041-671-0334,119안전센터,2018-03-17,2
충남소방본부,예산소방서-예산_덕산-119 안전센터,충남 예산군 덕산면 도청대로 1160,36.7048766,126.67316,041-330-4401,119안전센터,2018-03-17,1
충남소방본부,예산소방서-삽교-119 안전센터,충남 예산군 삽교읍 삽교로1길 34,36.6889797,126.73836,041-330-4381,119안전센터,2018-03-17,1
충남소방본부,예산소방서-예산_금오-119 안전센터,충남 예산군 예산읍 예당관광로 760,36.6785008,126.8271646,041-330-4361,119안전센터,2018-03-17,2
충남소방본부,예산소방서-오가-119 안전센터,충남 예산군 오가면 오가중앙로 111,36.686551,126.801863,041-330-4331,119안전센터,2018-03-17,1
충남소방본부,홍성소방서-내포-119 안전센터,충남 홍성군 홍북읍 의향로 133,36.6473146,126.677031,041-635-9119,119안전센터,2018-03-17,1
충남소방본부,홍성소방서-갈산-119 안전센터,충남 홍성군 갈산면 갈산로150번길 16,36.599884,126.5543207,041-633-2119,119안전센터,2018-03-17,2
충남소방본부,홍성소방서-광천-119 안전센터,충남 홍성군 광천읍 충서로 354,36.5140504,126.6224516,041-641-2119,119안전센터,2018-03-17,2
충남소방본부,홍성소방서-옥암-119 안전센터,충남 홍성군 홍성읍 충서로 1258,36.5888972,126.657524,041-632-0119,119안전센터,2018-03-17,1
충남소방본부,홍성소방서-구룡-119 안전센터,충남 홍성군 홍성읍 충절로 741,36.5851995,126.6957647,041-630-0312,119안전센터,2018-03-17,1
충남소방본부,서천소방서-서면-119 안전센터,충남 서천군 서면 부사로 153,36.1631701,126.5315504,041-955-0402,119안전센터,2018-03-17,1
충남소방본부,서천소방서-비인-119 안전센터,충남 서천군 비인면 비인로 141,36.1383063,126.605199,041-955-0382,119안전센터,2018-03-17,1
충남소방본부,서천소방서-한산-119 안전센터,충남 서천군 한산면 충절로 1164,36.0831596,126.8061096,041-955-0422,119안전센터,2018-03-17,1
충남소방본부,서천소방서-서천-119 안전센터,충남 서천군 서천읍 충절로49번길 33-8,36.0768754,126.6885429,041-955-0362,119안전센터,2018-03-17,1
충남소방본부,서천소방서-서천_장항-119 안전센터,충남 서천군 장항읍 장항로 37,36.0135196,126.6830247,041-955-0332,119안전센터,2018-03-17,1
충남소방본부,부여소방서-외산-119 안전센터,충남 부여군 외산면 만수로 235,36.301986,126.705837,041-830-0422,119안전센터,2018-03-17,1
충남소방본부,부여소방서-홍산-119 안전센터,충남 부여군 홍산면 북토로 89,36.2181805,126.7553968,041-830-0382,119안전센터,2018-03-17,1
충남소방본부,부여소방서-임천-119 안전센터,충남 부여군 임천면 성흥로 179번길 1,36.1841702,126.8965051,041-830-0402,119안전센터,2018-03-17,1
충남소방본부,부여소방서-사비-119 안전센터,충남 부여군 부여읍 북포로 29,36.2858917,126.9269558,041-830-0362,119안전센터,2018-03-17,1
충남소방본부,부여소방서-백제-119 안전센터,충남 부여군 규암면 계백로 17,36.2749958,126.8822443,041-830-0212,119안전센터,2018-03-17,1
충남소방본부,금산소방서-복진-119 안전센터,충남 금산군 진산면 읍내로 47-1,36.143224,127.3683718,041-750-1382,119안전센터,2018-03-17,1
충남소방본부,금산소방서-추부-119 안전센터,충남 금산군 추부면 삼육로 47,36.1939742,127.4682501,041-750-1362,119안전센터,2018-03-17,1
충남소방본부,금산소방서-금산_금산-119 안전센터,충남 금산군 금산읍 삼풍로 2,36.099909,127.4801011,041-750-1331,119안전센터,2018-03-17,3
충남소방본부,당진소방서-기지시-119 안전센터,충남 당진시 송악읍 틀모시로 844,36.9084944,126.6908287,041-350-5442,119안전센터,2018-03-17,2
충남소방본부,당진소방서-당진_신평-119 안전센터,충남 당진시 신평면 신평길 133,36.8810741,126.7771497,041-350-5422,119안전센터,2018-03-17,1
충남소방본부,당진소방서-석문-119 안전센터,충남 당진시 석문면 보덕포로 1069-21,36.9851984,126.5887176,041-350-5362,119안전센터,2018-03-17,1
충남소방본부,당진소방서-송악-119 안전센터,충남 당진시 송악읍 송악로 1019,36.9601607,126.7682725,041-350-5402,119안전센터,2018-03-17,1
충남소방본부,당진소방서-합덕-119 안전센터,충남 당진시 우강면 중방로 2,36.8128036,126.7666745,041-350-5382,119안전센터,2018-03-17,3
충남소방본부,당진소방서-당진-119 안전센터,충남 당진시 역천로 838(채운동),36.8860342,126.6177418,041-350-5300,119안전센터,2018-03-17,2
충남소방본부,계룡소방서-계룡-119 안전센터,충남 계룡시 두마면 사계로 170,36.2619827,127.2744311,042-540-5332,119안전센터,2018-03-17,3
충남소방본부,논산소방서-논산_연산-119 안전센터,충남 논산시 연산면 관창로 54,36.2124649,127.1827843,041-730-0422,119안전센터,2018-03-17,3
충남소방본부,논산소방서-연무-119 안전센터,충남 논산시 연무읍 동안로 1137,36.1264134,127.1282714,041-730-0382,119안전센터,2018-03-17,1
충남소방본부,논산소방서-강경-119 안전센터,충남 논산시 강경읍 동안로 3,36.157867,127.0181811,041-730-0362,119안전센터,2018-03-17,1
충남소방본부,논산소방서-반월-119 안전센터,충남 논산시 해월로 153-1,36.2044626,127.0841448,041-730-0402,119안전센터,2018-03-17,2
충남소방본부,논산소방서-논산_내동-119 안전센터,충남 논산시 대학로 17,36.1782935,127.10039,041-730-0332,119안전센터,2018-03-17,1
충남소방본부,서산소방서-성연-119 안전센터,충남 서산시 성연면 일람리 1071,36.8259577,126.4471183,041-689-0442,119안전센터,2018-03-17,1
충남소방본부,서산소방서-부석-119 안전센터,충남 서산시 부석면 강경벌로 10,36.7174959,126.3936929,041-689-0422,119안전센터,2018-03-17,1
충남소방본부,서산소방서-해미-119 안전센터,충남 서산시 해미면  성지3길 33,36.7100555,126.5426,041-689-0402,119안전센터,2018-03-17,2
충남소방본부,서산소방서-서산_동부-119 안전센터,충남 서산시 학동3로53(동문동),36.789833,126.45905,041-689-0382,119안전센터,2018-03-17,2
충남소방본부,서산소방서-서산_대산-119 안전센터,충남 서산시 대산읍 망일산로 831-15,36.9408765,126.4395624,041-689-0362,119안전센터,2018-03-17,1
충남소방본부,서산소방서-서산_예천-119 안전센터,충남 서산시 호수공원 14로 26-4(예천동),36.7733417,126.444925,041-689-0330,119안전센터,2018-03-17,1
충남소방본부,아산소방서-배방-119 안전센터,충남 아산시 배방읍 배방로 38,36.77386,127.0540705,041-538-0422,119안전센터,2018-03-17,1
충남소방본부,아산소방서-인주-119 안전센터,충남 아산시 인주면 공세길 19,36.8804849,126.9100102,041-538-0402,119안전센터,2018-03-17,1
충남소방본부,아산소방서-신창-119 안전센터,충남 아산시 신창면 순천향로 48,36.7712579,126.9354029,041-538-0382,119안전센터,2018-03-17,2
충남소방본부,아산소방서-둔포-119 안전센터,충남 아산시 둔포면 충무로 1848,36.9314596,127.042875,041-538-0362,119안전센터,2018-03-17,2
충남소방본부,아산소방서-모종-119 안전센터,충남 아산시 문화로 293,36.7867187,127.0163173,041-538-0332,119안전센터,2018-03-17,2
충남소방본부,보령소방서-주포-119 안전센터,충남 보령시 주포면 질재로 47-16,36.4152519,126.5875304,041-930-0421,119안전센터,2018-03-17,1
충남소방본부,보령소방서-오천-119 안전센터,충남 보령시 오천면 소성안길 47,36.4385829,126.5219963,041-930-0401,119안전센터,2018-03-17,2
충남소방본부,보령소방서-웅천-119 안전센터,충남 보령시 웅천읍 충서로 947,36.2351103,126.5971681,041-930-0381,119안전센터,2018-03-17,1
충남소방본부,보령소방서-신흑-119 안전센터,충남 보령시 대천항로 205,36.3168459,126.5143085,041-930-0361,119안전센터,2018-03-17,1
충남소방본부,보령소방서-명천-119 안전센터,충남 보령시 대천로 122,36.3565891,126.6057898,041-930-0333,119안전센터,2018-03-17,1
충남소방본부,공주소방서-공주_계룡-119 안전센터,충남 공주시 계룡면 월암송정길 18,36.3613499,127.1414197,041-851-0422,119안전센터,2018-03-17,2
충남소방본부,공주소방서-동학사-119 안전센터,충남 공주시 반포면 동학사1로 110,36.3637401,127.2539972,041-851-0402,119안전센터,2018-03-17,1
충남소방본부,공주소방서-신관-119 안전센터,충남 공주시 의당로 31,36.4749182,127.129775,041-851-0382,119안전센터,2018-03-17,1
충남소방본부,공주소방서-유구-119 안전센터,충남 공주시 유구읍 유구외곽로 368,36.5399407,126.9459625,041-851-0362,119안전센터,2018-03-17,1
충남소방본부,공주소방서-웅진-119 안전센터,충남 공주시 무령로 55,36.4594492,127.1083497,041-851-0212,119안전센터,2018-03-17,1
충남소방본부,천안서북소방서-입장-119 안전센터,충남 천안시 서북구 망향로 1107,36.9090297,127.2272769,041-360-0461,119안전센터,2018-03-17,1
충남소방본부,천안서북소방서-쌍용-119 안전센터,충남 천안시 서북구 월봉로 78,36.7975937,127.1182993,041-360-0441,119안전센터,2018-03-17,1
충남소방본부,천안서북소방서-성환-119 안전센터,충남 천안시 서북구 성환읍 성환1로 395,36.9277027,127.1312601,041-360-0421,119안전센터,2018-03-17,1
전남소방본부,순천소방서-왕조-119 안전센터,전남 순천시 기적의도서관 1길 30,34.9526529,127.5247395,061-750-0931,119안전센터,2018-03-17,1
전남소방본부,순천소방서-저전-119 안전센터,전남 순천시 중앙로 19,34.9480862,127.4865431,061-750-0926,119안전센터,2018-03-17,2
전남소방본부,순천소방서-서면-119 안전센터,전남 순천시 서면 삼산로 281,34.9866763,127.503975,061-750-0890,119안전센터,2018-03-17,1
전남소방본부,여수소방서-돌산-119 안전센터,전남 여수시 돌산읍 강남로 34,34.7186602,127.7501594,061-680-0950,119안전센터,2018-03-17,3
전남소방본부,여수소방서-봉산-119 안전센터,전남 여수시 어항단지로 222-5(남산동),34.7302074,127.7301509,061-680-0935,119안전센터,2018-03-17,1
전남소방본부,여수소방서-여서-119 안전센터,전남 여수시 문수로 131(문수동),34.7565083,127.7080875,061-680-0945,119안전센터,2018-03-17,1
전남소방본부,여수소방서-연등-119 안전센터,전남 여수시 좌수영로 162(연등동),34.754775,127.726675,061-680-0925,119안전센터,2018-03-17,1
전남소방본부,여수소방서-평여-119 안전센터,전남 여수시 여수산단로 321(평여동),34.8109122,127.6703169,061-680-0940,119안전센터,2018-03-17,1
전남소방본부,여수소방서-소라-119 안전센터,전남 여수시 소라면 여순로 297,34.8310224,127.6145657,061-680-0955,119안전센터,2018-03-17,1
전남소방본부,여수소방서-학동-119 안전센터,전남 여수시 망마로 20,34.76006,127.6651528,061-680-0890,119안전센터,2018-03-17,2
전남소방본부,신안소방서-안좌-119 안전센터,전남 신안군 안좌면 중부로 884,34.75727,126.1240414,061-280-0950,119안전센터,2018-03-17,5
전남소방본부,신안소방서-지도-119 안전센터,전남 신안군 지도읍 해제지도로 1304,35.0588332,126.2049612,061-280-0945,119안전센터,2018-03-17,1
전남소방본부,목포소방서-연산-119 안전센터,전남 목포시 산정공단로 64,34.818771,126.3777237,061-280-0940,119안전센터,2018-03-17,1
전남소방본부,목포소방서-삼학-119 안전센터,전남 목포시 삼학로 218,34.7901662,126.406754,061-280-0935,119안전센터,2018-03-17,1
전남소방본부,목포소방서-경동-119 안전센터,전남 목포시 유동로 42번길 1,34.7855691,126.3806872,061-280-0930,119안전센터,2018-03-17,1
전남소방본부,목포소방서-호남-119 안전센터,전남 목포시 영산로 165,34.7971333,126.3879875,061-280-0925,119안전센터,2018-03-17,1
전북소방본부,무진장소방서-장수-119 안전센터,전북 장수군 호비로 42,35.6499145,127.5212407,063-350-6275,119안전센터,2018-03-17,3
전북소방본부,무진장소방서-무주-119 안전센터,전북 무주군 무주읍 당산강변로 126,36.0028195,127.6551558,063-350-6274,119안전센터,2018-03-17,2
전북소방본부,무진장소방서-마령-119 안전센터,전북 진안군 마령면 임진로 2077-24,35.7317555,127.3698239,063-350-6276,119안전센터,2018-03-17,2
전북소방본부,무진장소방서-진안-119 안전센터,전북 진안군 진안읍 진무로 1179,35.7964195,127.4347185,063-350-6273,119안전센터,2018-03-17,3
전북소방본부,무진장소방서-장계-119 안전센터,전북 장수군 장계면 육십령로 136,35.7322571,127.589538,063-350-6272,119안전센터,2018-03-17,1
전북소방본부,부안소방서-격포-119 안전센터,전북 부안군 변산면 격포항길 64-17,35.6200453,126.47063,063-580-1273,119안전센터,2018-03-17,3
전북소방본부,부안소방서-부안-119 안전센터,전북 부안군 행안면 변산로 86,35.7296126,126.7119964,063-580-1272,119안전센터,2018-03-17,4
전북소방본부,고창소방서-고창_대산-119 안전센터,전북 고창군 대산면 공음대산로 932,35.3398975,126.5983421,063-560-1275,119안전센터,2018-03-17,1
전북소방본부,고창소방서-흥덕-119 안전센터,전북 고창군 흥덕면 문화2길 21,35.5173233,126.7032481,063-560-1274,119안전센터,2018-03-17,1
전북소방본부,고창소방서-무장-119 안전센터,전북 고창군 무장면 무장남북로 20-5,35.4165734,126.5616561,063-560-1273,119안전센터,2018-03-17,2
전북소방본부,고창소방서-고창-119 안전센터,전북 고창군 고창읍 녹두로 1294,35.4328166,126.6878348,063-560-1272,119안전센터,2018-03-17,2
전북소방본부,김제소방서-김제_금산-119 안전센터,전북 김제시 금산면 금산사로 29,35.7195645,126.9947134,063-540-4274,119안전센터,2018-03-17,1
전북소방본부,김제소방서-만경-119 안전센터,전북 김제시 만경읍 만경공단1길 7,35.8576647,126.8168582,063-540-4273,119안전센터,2018-03-17,1
전북소방본부,김제소방서-김제_교동-119 안전센터,전북 김제시 벽성로 278,35.7990078,126.8700945,063-540-4272,119안전센터,2018-03-17,2
전북소방본부,남원소방서-순창-119 안전센터,전북 순창군 순창읍 교성로 24,35.3719725,127.1337975,063-620-3773,119안전센터,2018-03-17,5
전북소방본부,남원소방서-금지-119 안전센터,전북 남원시 금지면 요천로 430,35.3479137,127.3031294,063-620-3775,119안전센터,2018-03-17,3
전북소방본부,남원소방서-인월-119 안전센터,전북 남원시 인월면 황산로 1828,35.465424,127.602399,063-620-3774,119안전센터,2018-03-17,2
전북소방본부,남원소방서-식정-119 안전센터,전북 남원시 요천로 1965,35.436712,127.4168295,063-620-3772,119안전센터,2018-03-17,4
전북소방본부,정읍소방서-영원-119 안전센터,전북 정읍시 영원면 영원로 1048,35.6521706,126.7842631,063-570-1275,119안전센터,2018-03-17,1
전북소방본부,정읍소방서-신태인-119 안전센터,전북 정읍시 정신로 1241,35.6913586,126.8782291,063-570-1274,119안전센터,2018-03-17,2
전북소방본부,정읍소방서-시기-119 안전센터,전북 정읍시 정읍남로 1421,35.5577854,126.8574034,063-570-1273,119안전센터,2018-03-17,2
전북소방본부,정읍소방서-하북-119 안전센터,전북 정읍시 서부산업도로 507-5,35.5883098,126.8585211,063-570-1272,119안전센터,2018-03-17,2
전북소방본부,익산소방서-금마-119 안전센터,전북 익산시 함열읍 함열중앙로 133,36.0761373,126.972043,063-839-3278,119안전센터,2018-03-17,3
전북소방본부,익산소방서-함열-119 안전센터,전북 익산시 황등면 황등서로 55,36.0019026,126.9388651,063-839-3277,119안전센터,2018-03-17,4
전북소방본부,익산소방서-익산_모현-119 안전센터,전북 익산시 배산로 181,35.9537295,126.9418022,063-839-3273,119안전센터,2018-03-17,2
전북소방본부,익산소방서-인화-119 안전센터,전북 익산시 목천로 301,35.9282962,126.9545367,063-839-3276,119안전센터,2018-03-17,1
전북소방본부,익산소방서-익산_공단-119 안전센터,전북 익산시 선화로 429,35.9471346,126.9769375,063-839-3275,119안전센터,2018-03-17,1
전북소방본부,익산소방서-신동-119 안전센터,전북 익산시 인북로 226,35.9488441,126.9574688,063-839-3274,119안전센터,2018-03-17,1
전북소방본부,익산소방서-팔봉-119 안전센터,전북 익산시 무왕로 1338,35.9623102,127.0052279,063-839-3272,119안전센터,2018-03-17,2
전북소방본부,군산소방서-대야-119 안전센터,전북 군산시 대야면 대야관통로 134,35.9460532,126.820127,063-450-0278,119안전센터,2018-03-17,2
전북소방본부,군산소방서-산북-119 안전센터,전북특별자치도 군산시 산북로 71-11,35.960192,126.672179,063-450-0276,119안전센터,2026-01-30,1
전북소방본부,군산소방서-지곡-119 안전센터,전북 군산시 백토로 223,35.9591013,126.757524,063-450-0273,119안전센터,2018-03-17,2
전북소방본부,군산소방서-비응-119 안전센터,전북 군산시 새만금북로 43,35.9438034,126.5408563,063-450-0279,119안전센터,2018-03-17,2
전북소방본부,군산소방서-군산_항만-119 안전센터,전북 군산시 임해로 462,35.9713541,126.6281329,063-450-0275,119안전센터,2018-03-17,1
전북소방본부,군산소방서-금동-119 안전센터,전북 군산시 군산창길 1,35.989764,126.7072077,063-450-0274,119안전센터,2018-03-17,1
전북소방본부,군산소방서-사정-119 안전센터,전북 군산시 번영로 308 1층,35.9628605,126.7510992,063-450-0272,119안전센터,2018-03-17,3
전북소방본부,전주완산소방서-혁신-119 안전센터,전북 완주군 이서면 지사제2로 12,35.8321503,127.0234766,063-220-4217,119안전센터,2018-03-17,1
전북소방본부,전주완산소방서-평화-119 안전센터,전북 전주시 완산구 평화로 105,35.7862685,127.1338494,063-220-4275,119안전센터,2018-03-17,1
전북소방본부,전주완산소방서-서신-119 안전센터,전북특별자치도 전주시 완산구 서신동 3-40,35.829282,127.127784,063-220-4274,119안전센터,2026-01-30,1
전북소방본부,전주완산소방서-전주완산_교동-119 안전센터,전북 전주시 완산구 경기전길 183,35.8111758,127.15174,063-220-4273,119안전센터,2018-03-17,1
전북소방본부,전주완산소방서-서부-119 안전센터,전북 전주시 완산구 우전로 228,35.8148824,127.1022765,063-220-4278,119안전센터,2018-03-17,1
전북소방본부,전주완산소방서-전주완산_효자-119 안전센터,전북 전주시 완산구 거마평로 73,35.7993101,127.1164687,063-220-4272,119안전센터,2018-03-17,2
전북소방본부,전주덕진소방서-전주덕진_고산-119 안전센터,전북 완주군 고산면 고산로 49,35.9759488,127.2026117,063-250-4278,119안전센터,2018-03-17,3
전북소방본부,전주덕진소방서-아중-119 안전센터,전북 전주시 덕진구 진버들4길 16,35.835856,127.1637757,063-250-4277,119안전센터,2018-03-17,1
전북소방본부,전주덕진소방서-봉동-119 안전센터,전북 완주군 봉동읍 완주산단5로 89,35.9440862,127.1272764,063-250-4276,119안전센터,2018-03-17,3
전북소방본부,전주덕진소방서-삼례-119 안전센터,전북 완주군 삼례읍 삼례역로 27,35.908925,127.070467,063-250-4275,119안전센터,2018-03-17,1
전북소방본부,전주덕진소방서-전미-119 안전센터,전북 전주시 덕진구 과학로 144,35.8818257,127.1286357,063-250-4274,119안전센터,2018-03-17,1
전북소방본부,전주덕진소방서-팔복-119 안전센터,전북 전주시 덕진구 온고을로 430,35.8505853,127.0822887,063-250-4273,119안전센터,2018-03-17,1
경북소방본부,김천소방서- 대광 -119 안전센터,경상북도 김천시 공단로 152-36,36.1483961,128.1379623,054-432-0119,119안전센터,2018-03-17,1
경북소방본부,김천소방서- 다수 -119 안전센터,경상북도 김천시 영남대로 1246,36.1274006,128.072863,054-430-0119,119안전센터,2018-03-17,1
경북소방본부,김천소방서- 양금 -119 안전센터,경상북도 김천시 강변로 219,36.10686,128.122744,054-436-0118,119안전센터,2026-01-30,1
경북소방본부,경주소방서- 건천 -119 안전센터,경상북도 경주시 건천읍 내서로 1065,35.8529154,129.1000625,054-778-0681,119안전센터,2018-03-17,2
경북소방본부,경주소방서- 감포 -119 안전센터,경상북도 경주시 감포읍 감포로8길 14-6,35.8070943,129.5012811,054-778-0671,119안전센터,2018-03-17,3
경북소방본부,경주소방서- 경주_외동 -119 안전센터,경상북도 경주시 외동읍 입실로1길 78-15,35.7168596,129.327225,054-778-0661,119안전센터,2018-03-17,1
경북소방본부,경주소방서- 안강 -119 안전센터,경상북도 경주시 안강읍 안강중앙로 146,35.9932263,129.2163,054-778-0651,119안전센터,2018-03-17,2
경북소방본부,경주소방서- 용황 -119 안전센터,경상북도 경주시 공단로 25,35.8753987,129.2171,054-778-0641,119안전센터,2018-03-17,1
경북소방본부,경주소방서- 보문 -119 안전센터,경상북도 경주시 경감로 587-8,35.8349487,129.2871,054-778-0631,119안전센터,2018-03-17,1
경북소방본부,경주소방서- 불국사 -119 안전센터,경상북도 경주시 불국신택지4길 4,35.78385,129.3274875,054-778-0621,119안전센터,2018-03-17,1
경북소방본부,경주소방서- 경주_동부 -119 안전센터,경상북도 경주시 중앙로 59,35.845184,129.2113572,054-778-0611,119안전센터,2018-03-17,1
경북소방본부,경주소방서- 황오 -119 안전센터,경상북도 경주시 알천남로 276,35.8441404,129.228325,054-778-0601,119안전센터,2018-03-17,1
경북소방본부,포항남부소방서- 울릉 -119 안전센터,경상북도 울릉군 울릉읍 울릉순환로 415,37.4841989,130.898164,054-791-2119,119안전센터,2018-03-17,2
경북소방본부,포항남부소방서- 구룡포 -119 안전센터,경상북도 포항시 남구 구룡포읍 호미로 265,35.9910264,129.5593892,054-284-0119,119안전센터,2018-03-17,1
경북소방본부,포항남부소방서- 오천 -119 안전센터,경상북도 포항시 남구 오천읍 해병로 369,35.9627421,129.4095977,054-292-0119,119안전센터,2018-03-17,2
경북소방본부,포항남부소방서- 효자 -119 안전센터,경상북도 포항시 남구 지곡로212번길 45,36.0294554,129.3255323,054-273-2119,119안전센터,2018-03-17,1
경북소방본부,포항남부소방서- 연일 -119 안전센터,경상북도 포항시 남구 연일읍 철강로 10 (연일119안전센터),35.991618,129.3441,054-286-1119,119안전센터,2018-03-17,1
경북소방본부,포항남부소방서- 제철 -119 안전센터,경상북도 포항시 남구 철강로 360,35.9784402,129.3782944,054-286-0119,119안전센터,2018-03-17,1
경북소방본부,포항남부소방서- 해도 -119 안전센터,경상북도 포항시 남구 중앙로 118,36.0235998,129.3686123,054-281-1119,119안전센터,2018-03-17,2
경북소방본부,포항남부소방서- 일월 -119 안전센터,경상북도 포항시 남구 동해안로 5890,35.993357,129.4189413,054-284-2725,119안전센터,2018-03-17,1
경북소방본부,포항북부소방서- 장량 -119 안전센터,경상북도 포항시 북구 법원로 158,36.0887462,129.387693,054-260-2430,119안전센터,2018-03-17,1
경북소방본부,포항북부소방서- 흥해 -119 안전센터,경상북도 포항시 북구 흥해읍 중성로 67,36.1092057,129.350399,054-260-2420,119안전센터,2018-03-17,1
경북소방본부,포항북부소방서- 포항북부_덕산 -119 안전센터,경상북도 포항시 북구 중앙로 332,36.0424889,129.3661245,054-260-2400,119안전센터,2018-03-17,2
전남소방본부,영광소방서-홍농-119 안전센터,전남 영광군 홍농읍 홍농로 543,35.4023761,126.4490196,061-350-0925,119안전센터,2018-03-17,2
전남소방본부,영광소방서-영광-119 안전센터,전남 영광군 영광읍 함영로 3508,35.262998,126.5090633,061-350-0890,119안전센터,2018-03-17,3
전남소방본부,함평소방서-함평-119 안전센터,함평군 대동면 함장로 1202-93,35.0524561,126.531043,061-338-0890,119안전센터,2018-03-17,3
전남소방본부,무안소방서-남악-119 안전센터,전남 무안군 삼향읍 남악5로72번길81-18,34.8115198,126.4824986,061-450-0935,119안전센터,2018-03-17,1
전남소방본부,무안소방서-해제-119 안전센터,전남 무안군 해제면 현해로 1621,35.1124162,126.3010731,061-450-0930,119안전센터,2018-03-17,1
전남소방본부,무안소방서-일로-119 안전센터,전남 무안군 일로읍 삼일로 493-1,34.8511543,126.4900393,061-450-0925,119안전센터,2018-03-17,2
전남소방본부,무안소방서-무안-119 안전센터,전남 무안군 무안읍 공항로 133,34.994596,126.4665645,061-450-0890,119안전센터,2018-03-17,1
전남소방본부,영암소방서-영암-119 안전센터,전남 영암군 영암읍 월출로 46,34.798485,126.686061,061-460-0925,119안전센터,2018-03-17,1
전남소방본부,영암소방서-삼호-119 안전센터,전남 영암군 삼호읍 나불로 192,34.76665,126.4392875,061-460-0890,119안전센터,2018-03-17,2
전남소방본부,진도소방서-진도-119 안전센터,전남 진도군 진도읍 진도대로 6945,34.4730186,126.2472667,061-530-0932,119안전센터,2018-03-17,2
전남소방본부,완도소방서-고금-119 안전센터,완도군 고금면 고금동로 266,34.4028813,126.8252902,061-530-0936,119안전센터,2018-03-17,2
전남소방본부,완도소방서-완도-119 안전센터,전남 완도군 완도읍 장보고대로 103,34.3247265,126.741961,061-530-0926,119안전센터,2018-03-17,3
전남소방본부,해남소방서-땅끝-119 안전센터,전남 해남군 송지면 미야길 237-3,34.3779937,126.5222002,061-530-0942,119안전센터,2018-03-17,2
전남소방본부,해남소방서-해남-119 안전센터,전남 해남군 해남읍 교육청길 82,34.5663365,126.607902,061-530-0890,119안전센터,2018-03-17,4
전남소방본부,장흥소방서-정남진-119 안전센터,전남 장흥군 관산읍 관산우회로 103,34.5649956,126.935376,061-430-0931,119안전센터,2018-03-17,2
전남소방본부,장흥소방서-장흥-119 안전센터,전남 장흥군 장흥읍 평화우산길 22,34.6744092,126.9099916,061-430-0926,119안전센터,2018-03-17,2
전남소방본부,강진소방서-강진-119 안전센터,전남 강진군 군동면 중앙로 223,34.6428648,126.7805563,061-430-0890,119안전센터,2018-03-17,3
전남소방본부,화순소방서-능주-119 안전센터,전남 화순군 능주면 지석로 1428,34.9960169,126.9499634,061-379-0925,119안전센터,2018-03-17,1
전남소방본부,화순소방서-동복-119 안전센터,전남 화순군 동복면 칠정1길 14,35.0713857,127.1290623,061-379-0972,119안전센터,2018-03-17,2
전남소방본부,화순소방서-화순-119 안전센터,전남 화순군 화순읍 학포로 2750,35.0508743,126.9717497,061-379-0890,119안전센터,2018-03-17,1
전남소방본부,보성소방서-홍교-119 안전센터,전남 보성군 벌교읍 홍암로 116-4,34.8466654,127.3544625,061-859-0930,119안전센터,2018-03-17,1
전남소방본부,보성소방서-보성-119 안전센터,전남 보성군 보성읍 송재로 160,34.7700888,127.0800904,061-859-0925,119안전센터,2018-03-17,3
전남소방본부,보성소방서-벌교-119 안전센터,전남 보성군 벌교읍 녹색로 5247,34.8384641,127.3154896,061-859-0890,119안전센터,2018-03-17,1
전남소방본부,고흥소방서-도양-119 안전센터,전남 고흥군 도양읍 녹동신항5길 4,34.5259281,127.1412083,061-840-0925,119안전센터,2018-03-17,2
전남소방본부,고흥소방서-과역-119 안전센터,전남 고흥군 과역면 석봉리 1599-1,34.6836183,127.3717007,061-840-0978,119안전센터,2018-03-17,1
전남소방본부,고흥소방서-고흥-119 안전센터,전남 고흥군 풍양면 고흥로 1330,34.58155,127.2560125,061-840-0890,119안전센터,2018-03-17,1
전남소방본부,담양소방서-삼계-119 안전센터,전남 장성군 삼계면 영장로 1632,35.2552543,126.6671459,061-380-0941,119안전센터,2018-03-17,1
전남소방본부,담양소방서-장성-119 안전센터,전남 장성군 장성읍 단풍로 204,35.3204955,126.7997481,061-380-0936,119안전센터,2018-03-17,2
전남소방본부,담양소방서-옥과-119 안전센터,전남 곡성군 옥과면 리문6길 29,35.2745652,127.1374677,061-380-0931,119안전센터,2018-03-17,1
전남소방본부,담양소방서-곡성-119 안전센터,전남 곡성군 곡성읍 학교로 7,35.2772855,127.2893953,061-380-0926,119안전센터,2018-03-17,2
전남소방본부,담양소방서-담양-119 안전센터,전남 담양군 담양읍 추성로 1232,35.3181032,126.9731342,061-380-0890,119안전센터,2018-03-17,2
전남소방본부,광양소방서-광영-119 안전센터,전남 광양시 금영로 87(광영동),34.9587793,127.7203004,061-798-0930,119안전센터,2018-03-17,2
전남소방본부,광양소방서-금호-119 안전센터,전남 광양시 희망길 12-12(금호동),34.9366336,127.7253086,061-798-0935,119안전센터,2018-03-17,1
전남소방본부,광양소방서-중마-119 안전센터,전남 광양시 중마중앙로 109,34.9400659,127.6977236,061-798-0890,119안전센터,2018-03-17,1
전남소방본부,나주소방서-이창-119 안전센터,전남 나주시 이창택지길 6-13,34.9949596,126.7064625,061-330-0925,119안전센터,2018-03-17,3
전남소방본부,나주소방서-경현-119 안전센터,전남 나주시 예향로 4201,35.027854,126.7098142,061-330-0890,119안전센터,2018-03-17,3
전남소방본부,순천소방서-구례-119 안전센터,전남 구례군 구례읍 양정4길 37,35.2024307,127.4700757,061-750-0946,119안전센터,2018-03-17,2
전남소방본부,순천소방서-승주-119 안전센터,전남 순천시 승주읍 승평길 19,35.0194333,127.3729,061-750-0936,119안전센터,2018-03-17,4
전남소방본부,순천소방서-연향-119 안전센터,전남 순천시 연향1로 26,34.9447788,127.5170904,061-750-0941,119안전센터,2018-03-17,1
경북소방본부,칠곡소방서- 석적 -119 안전센터,경상북도 칠곡군 석적읍 유학로 140,36.0735507,128.4237869,054-973-2119,119안전센터,2018-03-17,1
경북소방본부,칠곡소방서- 칠곡_가산 -119 안전센터,경상북도 칠곡군 가산면 다부원1길 57,36.0458643,128.5204965,054-974-0119,119안전센터,2018-03-17,1
경북소방본부,칠곡소방서- 칠곡_금산 -119 안전센터,경상북도 칠곡군 왜관읍 공단로 194,35.9677825,128.4170822,054-971-2119,119안전센터,2018-03-17,1
경북소방본부,칠곡소방서- 칠곡_북삼 -119 안전센터,경상북도 칠곡군 북삼읍 안산2길 46,36.0668333,128.3373375,054-973-4119,119안전센터,2018-03-17,2
경북소방본부,칠곡소방서- 왜관 -119 안전센터,경상북도 칠곡군 기산면 칠곡대로 1216,35.99581,128.388162,054-976-7119,119안전센터,2018-03-17,1
경북소방본부,성주소방서- 선남(신설) -119 안전센터,경상북도 성주군 선남면 도성3길 39-17,35.8823816,128.3667444,054-930-5620,119안전센터,2018-03-17,1
경북소방본부,성주소방서- 성주 -119 안전센터,경상북도 성주군 성주읍 주산로 193,35.933968,128.304763,054-930-5606,119안전센터,2018-03-17,2
경북소방본부,고령소방서- 다산 -119 안전센터,경상북도 고령군 다산면 다산로 506,35.8152431,128.4349726,054-955-6119,119안전센터,2018-03-17,2
경북소방본부,고령소방서- 대가야 -119 안전센터,경상북도 고령군 대가야읍 벽화길18,35.7240226,128.268698,054-954-0119,119안전센터,2018-03-17,2
경북소방본부,경산소방서- 경산_금천 -119 안전센터,경상북도 청도군 금천면 청려로 4363,35.6900533,128.895256,054-372-3119,119안전센터,2018-03-17,1
경북소방본부,경산소방서- 풍각 -119 안전센터,경상북도 청도군 풍각면 송서로 64,35.6389405,128.6176812,054-372-2119,119안전센터,2018-03-17,1
경북소방본부,경산소방서- 청도 -119 안전센터,경상북도 청도군 청도읍 중앙로 192-34,35.64829,128.7632769,054-373-0119,119안전센터,2018-03-17,2
경북소방본부,영덕소방서- 영해 -119 안전센터,경상북도 영덕군 영해면 창수영해로 481,36.5424173,129.395716,054-732-0119,119안전센터,2018-03-17,1
경북소방본부,영덕소방서- 강구 -119 안전센터,경상북도 영덕군 강구면 강산로 38,36.3514031,129.3747267,054-733-4119,119안전센터,2018-03-17,1
경북소방본부,영덕소방서- 영덕 -119 안전센터,경상북도 영덕군 영덕읍 경동로 8401,36.4167177,129.3709949,054-734-2119,119안전센터,2018-03-17,2
경북소방본부,의성소방서- 안계 -119 안전센터,경상북도 의성군 안계면 안계길 100,36.382774,128.441113,054-861-0119,119안전센터,2018-03-17,1
경북소방본부,의성소방서- 의성 -119 안전센터,경상북도 의성군 의성읍 홍술로 187,36.3582737,128.6991125,054-834-7119,119안전센터,2018-03-17,1
경북소방본부,의성소방서- 의성_봉양 -119 안전센터,경상북도 의성군 봉양면 경북대로 4741,36.3100667,128.5989,054-834-8119,119안전센터,2018-03-17,1
경북소방본부,경산소방서- 진량 -119 안전센터,경상북도 경산시 진량읍 공단2로 72,35.8712926,128.8268746,053-856-0119,119안전센터,2018-03-17,1
경북소방본부,경산소방서- 하양 -119 안전센터,경상북도 경산시 하양읍 대경로 793,35.9150987,128.8258125,053-852-0119,119안전센터,2018-03-17,1
경북소방본부,경산소방서- 경산_중앙 -119 안전센터,경상북도 경산시 장산로 143,35.8186917,128.7407375,053-813-0119,119안전센터,2018-03-17,1
경북소방본부,경산소방서- 압량 -119 안전센터,경상북도 경산시 압량면 김유신로 12,35.8385284,128.7696707,053-813-1119,119안전센터,2018-03-17,1
경북소방본부,문경소방서- 도청(신설) -119 안전센터,경상북도 예천군 호명면 도청대로 19,36.5758436,128.4679449,054-559-2671,119안전센터,2018-03-17,1
경북소방본부,문경소방서- 지보 -119 안전센터,경상북도 예천군 지보면 지보로 247,36.538492,128.38275,054-653-3119,119안전센터,2018-03-17,3
경북소방본부,문경소방서- 문경_예천 -119 안전센터,경상북도 예천군 예천읍 양궁로 61-12,36.6481431,128.4634264,054-654-2119,119안전센터,2018-03-17,2
경북소방본부,문경소방서- 문경 -119 안전센터,경상북도 문경시 문경읍 새재로 501,36.7348329,128.1025116,054-571-0119,119안전센터,2018-03-17,1
경북소방본부,문경소방서- 가은 -119 안전센터,경상북도 문경시 가은읍 가은로 126,36.6422225,128.0626848,054-571-5119,119안전센터,2018-03-17,1
경북소방본부,문경소방서- 모전 -119 안전센터,경상북도 문경시 모전로 173,36.5962674,128.1879504,054-555-5119,119안전센터,2018-03-17,1
경북소방본부,문경소방서- 점촌 -119 안전센터,경상북도 문경시 중앙로 305,36.6103491,128.2097175,054-555-2119,119안전센터,2018-03-17,3
경북소방본부,상주소방서- 화서(신설) -119 안전센터,경상북도 상주시 화서면 상현무동길 5,36.4462654,127.9481595,054-533-0119,119안전센터,2018-03-17,3
경북소방본부,상주소방서- 청리 -119 안전센터,경상북도 상주시 청리면 마공공단로 152,36.3184917,128.126225,054-534-9119,119안전센터,2018-03-17,2
경북소방본부,상주소방서- 함창 -119 안전센터,경상북도 상주시 함창읍 가야로 46-1,36.5664733,128.1783932,054-541-3119,119안전센터,2018-03-17,2
경북소방본부,상주소방서- 만산 -119 안전센터,경상북도 상주시 경상대로 3203-11,36.43404,128.15164,054-530-3803,119안전센터,2026-01-31,2
경북소방본부,영천소방서- 영천_금호 -119 안전센터,경상북도 영천시 금호읍 오계공단길 5,35.9137904,128.8874625,054-334-0119,119안전센터,2018-03-17,1
경북소방본부,영천소방서- 영천_동부 -119 안전센터,경상북도 영천시 호국로 187,35.9775633,128.9577514,054-334-2119,119안전센터,2018-03-17,2
경북소방본부,영주소방서- 명호 -119 안전센터,경상북도 봉화군 명호면 도천길 18-46,36.8582283,128.901743,054-630-0451,119안전센터,2018-03-17,1
경북소방본부,영주소방서- 춘양 -119 안전센터,경상북도 봉화군 춘양면 소천로 22,36.9218064,128.9209069,054-630-0431,119안전센터,2018-03-17,2
경북소방본부,영주소방서- 봉화 -119 안전센터,경상북도 봉화군 봉화읍 문수로 42,36.8999836,128.7354965,054-630-0421,119안전센터,2018-03-17,1
경북소방본부,영주소방서- 풍기 -119 안전센터,경상북도 영주시 풍기읍 기주로 159,36.8732235,128.5191304,054-630-0411,119안전센터,2018-03-17,2
경북소방본부,영주소방서- 가흥 -119 안전센터,경상북도 영주시 선비로 181,36.8207832,128.6190117,054-630-0441,119안전센터,2018-03-17,2
경북소방본부,영주소방서- 문수 -119 안전센터,경상북도 영주시 문수면 적서로448번길17,36.7919351,128.6331219,054-630-0401,119안전센터,2018-03-17,1
경북소방본부,구미소방서- 고아 -119 안전센터,경상북도 구미시 고아읍 선산대로 821,36.1996124,128.3394372,054-481-3119,119안전센터,2018-03-17,1
경북소방본부,구미소방서- 구미_옥계 -119 안전센터,경상북도 구미시 산동면 산호대로41길 4,36.1389071,128.4394,054-471-5119,119안전센터,2018-03-17,1
경북소방본부,구미소방서- 상림 -119 안전센터,경상북도 구미시 상림로 45,36.0901054,128.3603804,054-465-9116,119안전센터,2018-03-17,1
경북소방본부,구미소방서- 해평 -119 안전센터,경상북도 구미시 해평면 강동로 1663,36.1988929,128.3911125,054-474-4119,119안전센터,2018-03-17,1
경북소방본부,구미소방서- 선산 -119 안전센터,경상북도 구미시 선산읍 선산대로 1400-13,36.2394263,128.3049875,054-482-0119,119안전센터,2018-03-17,1
경북소방본부,구미소방서- 인동 -119 안전센터,경상북도 구미시 이계북로 147,36.1061039,128.4183815,054-471-0119,119안전센터,2018-03-17,1
경북소방본부,구미소방서- 구미_봉곡 -119 안전센터,경상북도 구미시 봉곡동로 48,36.1546317,128.3153912,054-452-2119,119안전센터,2018-03-17,1
경북소방본부,구미소방서- 원평 -119 안전센터,경상북도 구미시 산업로 174,36.1287458,128.340594,054-454-6119,119안전센터,2018-03-17,1
경북소방본부,구미소방서- 구미_송정 -119 안전센터,경상북도 구미시 백산로 207,36.1142427,128.3510575,054-452-0119,119안전센터,2018-03-17,1
전남소방본부,나주소방서-빛가람-119 안전센터,전남 나주시 그린로 296,35.0131156,126.7960434,061-330-0935,119안전센터,2018-03-17,1
경북소방본부,구미소방서- 구미_공단 -119 안전센터,경상북도 구미시 수출대로 112,36.110565,128.376463,054-461-3119,119안전센터,2018-03-17,1
경북소방본부,안동소방서- 안동_입암 -119 안전센터,경상북도 영양군 입암면 입암로 153,36.5980987,129.0870875,054-682-4119,119안전센터,2018-03-17,1
경북소방본부,안동소방서- 진보 -119 안전센터,경상북도 청송군 진보면 청송로 6346,36.5212831,129.0395377,054-874-5119,119안전센터,2018-03-17,1
경북소방본부,안동소방서- 영양 -119 안전센터,경상북도 영양군 영양읍 군민회관길 42-14,36.6595421,129.1164169,054-682-3119,119안전센터,2018-03-17,2
경북소방본부,안동소방서- 청송 -119 안전센터,경상북도 청송군 청송읍 길안청송로 1630,36.4338912,129.0418702,054-873-1119,119안전센터,2018-03-17,3
경북소방본부,안동소방서- 안동_옥동 -119 안전센터,경상북도 안동시 광명로 85,36.5587276,128.694259,054-853-6119,119안전센터,2018-03-17,2
경북소방본부,안동소방서- 풍산 -119 안전센터,경상북도 안동시 풍산읍 풍산태사로 1162,36.5803512,128.5818934,054-858-4119,119안전센터,2018-03-17,1
경북소방본부,안동소방서- 용상 -119 안전센터,경상북도 안동시 마들6길 27,36.5507917,128.7617375,054-821-1119,119안전센터,2018-03-17,1
경북소방본부,안동소방서- 법흥 -119 안전센터,경상북도 안동시 육사로 301,36.5610479,128.7373187,054-854-6119,119안전센터,2018-03-17,2
경북소방본부,김천소방서- 아포 -119 안전센터,경상북도 김천시 아포읍 아포공단길 45,36.1665883,128.2549882,054-439-0119,119안전센터,2018-03-17,1
경북소방본부,김천소방서- 지례 -119 안전센터,경상북도 김천시 지례면 장터길 115,35.9900642,128.0305826,054-435-0119,119안전센터,2018-03-17,1
경남소방본부,거창소방서-위천-119 안전센터,경남 거창군 위천면 원학길 321,35.7492412,127.8326884,055-940-9371,119안전센터,2018-03-17,1
경남소방본부,거창소방서-대평-119 안전센터,경남 거창군 거창읍 거함대로 3324,35.6778157,127.923258,055-940-9361,119안전센터,2018-03-17,2
경남소방본부,함양소방서-안의-119 안전센터,경남 함양군 안의면 금성길 19,35.6291646,127.8103657,055-960-9321,119안전센터,2018-03-17,1
경남소방본부,함양소방서-함양-119 안전센터,경남 함양군 함양읍 인당 강변길 58,35.5099728,127.732318,055-960-9311,119안전센터,2018-03-17,3
경남소방본부,산청소방서-단성-119 안전센터,경남 산청군 단성면 사직단로 447-8,35.2978051,127.9583312,055-970-9320,119안전센터,2018-03-17,1
경남소방본부,산청소방서-산청-119 안전센터,경남 산청군 산청읍 중앙로 76-7,35.4152328,127.883415,055-970-9310,119안전센터,2018-03-17,2
경남소방본부,하동소방서-진교-119 안전센터,경남 하동군 진교면 진양로 27,35.0254164,127.9012773,055-880-9370,119안전센터,2018-03-17,2
경남소방본부,하동소방서-하동-119 안전센터,경남 하동군 적량면 공설운동장로 169,35.0621457,127.7743417,055-880-9360,119안전센터,2018-03-17,2
경남소방본부,남해소방서-삼동-119 안전센터,경남 남해군 삼동면 동부대로 1795,34.8296989,128.0060976,055-860-9370,119안전센터,2018-03-17,1
경남소방본부,남해소방서-남해-119 안전센터,경남 남해군 남해읍 스포츠로 81,34.8292456,127.8927337,055-860-9360,119안전센터,2018-03-17,3
경남소방본부,고성소방서-거류-119 안전센터,경남 고성군 거류면 봉암 1길 9,35.0011933,128.4029005,055-670-9340,119안전센터,2018-03-17,1
경남소방본부,고성소방서-고성-119 안전센터,경남 고성군 고성읍 남해안대로 2670,34.9811871,128.3308053,055-670-9310,119안전센터,2018-03-17,2
경남소방본부,창녕소방서-부곡-119 안전센터,경남 창녕군 부곡면 원앙로 184,35.4376812,128.5887644,055-259-9380,119안전센터,2018-03-17,1
경남소방본부,창녕소방서-남지-119 안전센터,경남 창녕군 남지읍 동포로 64,35.3949422,128.4809099,055-259-9370,119안전센터,2018-03-17,1
경남소방본부,창녕소방서-창녕-119 안전센터,경남 창녕군 대지면 우포2로 1097,35.5504487,128.4791275,055-259-9360,119안전센터,2018-03-17,3
경남소방본부,함안소방서-군북-119 안전센터,경남 함안군 군북면 함마대로 760,35.2645621,128.3432835,055-580-9340,119안전센터,2018-03-17,2
경남소방본부,함안소방서-칠원-119 안전센터,경남 함안군 칠원읍 용산2길 121,35.3118526,128.5138627,055-580-9330,119안전센터,2018-03-17,1
경남소방본부,함안소방서-가야-119 안전센터,경남 함안군 가야읍 선왕길 59,35.2862569,128.4000954,055-580-9300,119안전센터,2018-03-17,2
경남소방본부,의령소방서-부림-119 안전센터,경남 의령군 부림면 대한로 1666,35.4637394,128.3147269,055-570-9320,119안전센터,2018-03-17,2
경남소방본부,의령소방서-의령-119 안전센터,경남 의령군 의령읍 의병로 108-17,35.3194971,128.2483146,055-570-9310,119안전센터,2018-03-17,1
경남소방본부,양산소방서-평산-119 안전센터,경남 양산시 내연4길 9,35.3750205,129.1468574,055-379-9320,119안전센터,2018-03-17,1
경남소방본부,양산소방서-중부-119 안전센터,경남 양산시 양산역 6길 27,35.3373286,129.028969,055-379-9330,119안전센터,2018-03-17,1
경남소방본부,양산소방서-하북-119 안전센터,경남 양산시 하북면 양산대로 2255-38,35.4631405,129.0801792,055-379-9390,119안전센터,2018-03-17,1
경남소방본부,양산소방서-물금-119 안전센터,경남 양산시 물금읍 황산로 719,35.3343154,129.0105125,055-379-9360,119안전센터,2018-03-17,3
경남소방본부,양산소방서-웅상-119 안전센터,경남 양산시 웅상대로 1120,35.3979787,129.1624897,055-379-9380,119안전센터,2018-03-17,1
경남소방본부,양산소방서-중앙-119 안전센터,경남 양산시 신기로 13,35.3521171,129.0424488,055-379-9370,119안전센터,2018-03-17,1
경남소방본부,거제소방서-남부-119 안전센터,경남 거제시 저구해안길 16,34.735106,128.606751,055-689-9420,119안전센터,2026-01-30,1
경남소방본부,거제소방서-연초-119 안전센터,경남 거제시 연초면 거제북로1,34.9122487,128.6526375,055-689-9410,119안전센터,2018-03-17,2
경남소방본부,거제소방서-거제-119 안전센터,경남 거제시 거제면 거제남서로 3429,34.8472474,128.5890013,055-689-9400,119안전센터,2018-03-17,1
경남소방본부,거제소방서-신현-119 안전센터,경남 거제시 계룡로 52,34.8757913,128.6268602,055-689-9380,119안전센터,2018-03-17,1
경남소방본부,거제소방서-옥포-119 안전센터,경남 거제시 진목로 1,34.8961117,128.6861685,055-689-9361,119안전센터,2018-03-17,1
경남소방본부,거제소방서-장승포-119 안전센터,경남 거제시 능포로 77,34.8713071,128.7288375,055-689-9370,119안전센터,2018-03-17,1
경남소방본부,밀양소방서-산동-119 안전센터,경남 밀양시 산외면 산외로 679,35.5097466,128.8372991,055-350-9402,119안전센터,2018-03-17,1
경남소방본부,밀양소방서-삼랑진-119 안전센터,경남 밀양시 삼랑진읍 삼랑진로 16-3,35.384041,128.8228596,055-350-9392,119안전센터,2018-03-17,1
경남소방본부,밀양소방서-가곡-119 안전센터,경남 밀양시 용두로 5,35.478479,128.7645968,055-350-9374,119안전센터,2018-03-17,1
경남소방본부,밀양소방서-하남-119 안전센터,경남 밀양시 하남읍 명례로 108,35.3684259,128.7331582,055-350-9385,119안전센터,2018-03-17,1
경남소방본부,밀양소방서-교동-119 안전센터,경남 밀양시 밀양대공원로 66,35.500043,128.758695,055-350-9360,119안전센터,2026-01-30,2
경남소방본부,김해서부소방서-주촌-119 안전센터,경남 김해시 주촌면 서부로 1784,35.2350849,128.844682,055-344-9390,119안전센터,2018-03-17,1
경남소방본부,김해서부소방서-한림-119 안전센터,경남 김해시 한림면 한림로 401번길 50,35.3232506,128.8003908,055-344-9410,119안전센터,2018-03-17,1
경남소방본부,김해서부소방서-진례-119 안전센터,경남 김해시 진례면 담안로 50,35.2526304,128.7531644,055-344-9370,119안전센터,2018-03-17,1
경남소방본부,김해서부소방서-진영-119 안전센터,경남 김해시 진영읍 장등로 4,35.3066384,128.7353516,055-344-9380,119안전센터,2018-03-17,1
경남소방본부,김해동부소방서-북부-119 안전센터,경남 김해시 해반천로 166,35.2629272,128.8676075,055-320-9470,119안전센터,2018-03-17,1
경남소방본부,김해동부소방서-생림-119 안전센터,경남 김해시 생림면 봉림로 106,35.333723,128.8473218,055-320-9440,119안전센터,2018-03-17,1
경남소방본부,김해동부소방서-상동-119 안전센터,경남 김해시 상동면 상동로 637,35.3120169,128.9378691,055-320-9460,119안전센터,2018-03-17,1
경남소방본부,김해동부소방서-내외-119 안전센터,경남 김해시 내외로 77,35.2349618,128.8655037,055-320-9380,119안전센터,2018-03-17,1
경남소방본부,김해동부소방서-동상-119 안전센터,경남 김해시 분성로 335번지 38-1,35.2337663,128.8826591,055-320-9370,119안전센터,2018-03-17,1
전남소방본부,나주소방서-남평-119 안전센터,전남 나주시 남평읍 지석로 106,35.0413565,126.8461274,061-330-0930,119안전센터,2018-03-17,2
경남소방본부,김해동부소방서-삼정-119 안전센터,경남 김해시 김해대로 2507,35.2285999,128.9011692,055-320-9360,119안전센터,2018-03-17,2
경남소방본부,사천소방서-곤양-119 안전센터,경남 사천시 곤양면 곤북로 64,35.0555251,127.9542693,055-850-9430,119안전센터,2018-03-17,3
경남소방본부,사천소방서-사천읍-119 안전센터,경남 사천시 사천읍 무산로 21,35.0876904,128.0876125,055-830-9420,119안전센터,2018-03-17,1
경남소방본부,사천소방서-사남-119 안전센터,경남 사천시 사남면 공단2로 53,35.0642725,128.0670357,055-830-9410,119안전센터,2018-03-17,1
경남소방본부,사천소방서-동금-119 안전센터,경남 사천시 남일로 29,34.9331486,128.0797505,055-830-4000,119안전센터,2018-03-17,1
경남소방본부,통영소방서-도남-119 안전센터,경남 통영시 도남로257,34.8283404,128.4322518,055-640-9385,119안전센터,2018-03-17,1
경남소방본부,통영소방서-서호-119 안전센터,경남 통영시 중앙로 91-8,34.8423298,128.4191837,055-640-9371,119안전센터,2018-03-17,1
경남소방본부,통영소방서-무전-119 안전센터,경남 통영시 원문로 71,34.8592858,128.4208027,055-640-9422,119안전센터,2018-03-17,1
경남소방본부,통영소방서-죽림-119 안전센터,경남 통영시 광도면 죽림4로 49,34.8835311,128.419018,055-640-9361,119안전센터,2018-03-17,2
경남소방본부,진주소방서-문산-119 안전센터,경남 진주시 문산읍 월아산로 979,35.158779,128.1635993,055-160-9400,119안전센터,2018-03-17,2
경남소방본부,진주소방서-평거-119 안전센터,경남 진주시 순환로 565,35.1741132,128.058799,055-760-9390,119안전센터,2018-03-17,2
경남소방본부,진주소방서-천전-119 안전센터,경남 진주시 강남로 167번길 16,35.1828548,128.0940858,055-760-9380,119안전센터,2018-03-17,1
경남소방본부,진주소방서-중앙-119 안전센터,경남 진주시 북장대로 64번길 14,35.195894,128.0745664,055-760-9370,119안전센터,2018-03-17,1
경남소방본부,진주소방서-상대-119 안전센터,경남 진주시 동진로 249,35.1803367,128.1184029,055-760-9360,119안전센터,2018-03-17,2
경북소방본부,울진소방서- 온정 -119 안전센터,경상북도 울진군 온정면 백암온천로 1315,36.7211262,129.3475766,054-780-1431,119안전센터,2018-03-17,1
경북소방본부,울진소방서- 후포 -119 안전센터,경상북도 울진군 후포면 실배길 28-1,36.6891646,129.4452479,054-780-1421,119안전센터,2018-03-17,2
경북소방본부,울진소방서- 죽변 -119 안전센터,경상북도 울진군 죽변면 하죽로 1841,37.054815,129.4125592,054-780-1411,119안전센터,2018-03-17,1
경북소방본부,울진소방서- 울진 -119 안전센터,경상북도 울진군 울진읍 울진북로 508,36.9935345,129.3945309,054-780-1401,119안전센터,2018-03-17,1
경기재난본부,시흥소방서-은행-119 안전센터,경기도 시흥시 대은로 4 시흥소방서 은행119안전센터,37.4393945,126.793286,031-310-0511,119안전센터,2018-03-17,2
전남소방본부,목포소방서-하당-119 안전센터,전라남도 목포시 삼향천로 110 목포소방서119구조대,34.8098538,126.4305022,061-280-0890,119안전센터,2018-03-17,2
강원소방본부,원주소방서-단구-119 안전센터,강원도 원주시 강변로 255 단구119안전센터,37.330536,127.9614552,033-769-1541,119안전센터,2018-03-17,1
경북소방본부,경산소방서- 자인 -119 안전센터,경상북도 경산시 자인면 금학로 25-11 자인119안전센터,35.8215624,128.8261761,053-857-2119,119안전센터,2018-03-17,1
세종소방본부,세종소방서-한솔-119 안전센터,세종특별자치시 노을3로 29 첫마을안전센터,36.4805048,127.25919,044-300-8561,119안전센터,2018-03-17,1
전북소방본부,전주완산소방서-임실-119 안전센터,전라북도 임실군 임실읍 봉황8길 31 임실소방파출소,35.6133606,127.2832702,063-220-4276,119안전센터,2018-03-17,5
강원소방본부,춘천소방서-사내-119 안전센터,강원도 화천군 사내면 문화마을1길 6 사내소방서,38.0680826,127.5249349,033-248-9581,119안전센터,2018-03-17,1
충남소방본부,천안서북소방서-두정-119 안전센터,충청남도 천안시 서북구 1공단2길 16 두정119안전센터,36.8276526,127.1465752,041-360-0401,119안전센터,2018-03-17,2
인천소방본부,중부소방서_인천-영흥-119 안전센터,인천광역시 옹진군 영흥면 영흥로 283-32 영흥119안전센터,37.2563326,126.4838522,032-882-3119,119안전센터,2018-03-17,1
인천소방본부,중부소방서_인천-연안-119 안전센터,인천광역시 중구 축항대로118번길 108,37.4466227,126.6041654,032-887-4689,119안전센터,2018-03-17,1
대구소방안전본부,수성소방서-상동-119 안전센터,대구광역시 수성구 파동로51길 5 상동119안전센터,35.8250934,128.6093747,053-765-0119,119안전센터,2018-03-17,1
창원소방본부,진해소방서(본부)-용원-119 안전센터,경남 창원시 진해구 용원로 43 용원119안전센터,35.0999024,128.814112,055-548-9391,119안전센터,2018-03-17,1
창원소방본부,진해소방서(본부)-웅동-119 안전센터,경남 창원시 진해구 남의로 11 웅동119안전센터,35.1157904,128.783075,055-548-9381,119안전센터,2018-03-17,1
창원소방본부,진해소방서(본부)-진해(본부)_이동-119 안전센터,경남 창원시 진해구 충장로 434 이동119안전센터,35.149917,128.6974251,055-548-9371,119안전센터,2018-03-17,1
창원소방본부,진해소방서(본부)-대흥-119 안전센터,경남 창원시 진해구 백구로 72 대흥119안전센터,35.1509337,128.6585442,055-548-9361,119안전센터,2018-03-17,1
창원소방본부,마산소방서-내서-119 안전센터,경남 창원시 마산회원구 내서읍 중리공단로 104 내서119안전센터,35.2402679,128.5097875,055-249-9430,119안전센터,2018-03-17,1
창원소방본부,마산소방서-마산_구암-119 안전센터,경남 창원시 마산회원구 팔용로 260 구암119안전센터,35.2483183,128.5992982,055-249-9420,119안전센터,2018-03-17,1
창원소방본부,마산소방서-양봉-119 안전센터,경남 창원시 마산회원구 자유무역1길 22 양봉119안전센터,35.21206,128.588975,055-249-9410,119안전센터,2018-03-17,1
창원소방본부,마산소방서-석전-119 안전센터,경남 창원시 마산회원구 양덕옛1길 62 석전119안전센터,35.2273308,128.5755889,055-249-9400,119안전센터,2018-03-17,2
창원소방본부,마산소방서-진동-119 안전센터,경남 창원시 마산합포구 진동면 해양관광로 52 삼진119안전센터,35.1109666,128.4891326,055-249-9390,119안전센터,2018-03-17,1
창원소방본부,마산소방서-무학-119 안전센터,창원시 마산회원구 회원동 652-1,35.21815,128.561158,055-249-9381,119안전센터,2026-01-30,1
창원소방본부,마산소방서-마산_중앙-119 안전센터,경남 창원시 마산합포구 제2부두로 55 중앙119안전센터,35.1981576,128.574821,055-249-9360,119안전센터,2018-03-17,2
창원소방본부,창원소방서-북면-119 안전센터,경남 창원시 의창구 북면 천주로1150번길 15-22 북면119안전센터,35.3528316,128.6109271,055-211-9441,119안전센터,2018-03-17,2
창원소방본부,창원소방서-웅남-119 안전센터,경남 창원시 성산구 봉양로 406 웅남119안전센터,35.2077547,128.6269555,055-211-9461,119안전센터,2018-03-17,1
창원소방본부,창원소방서-대산-119 안전센터,경남 창원시 의창구 대산면 봉강가술로 583 대산119안전센터,35.333417,128.7057876,055-211-9451,119안전센터,2018-03-17,1
창원소방본부,창원소방서-동읍-119 안전센터,경남 창원시 의창구 동읍 동읍로71번길 14-14 동읍119안전센터,35.2810251,128.6824974,055-211-9431,119안전센터,2018-03-17,1
창원소방본부,창원소방서-대원-119 안전센터,경남 창원시 의창구 두대로55번길 11 대원119안전센터,35.232876,128.65075,055-211-9401,119안전센터,2018-03-17,1
창원소방본부,창원소방서-가음정-119 안전센터,경남 창원시 성산구 대정로 39 가음정119안전센터,35.2078513,128.6985642,055-211-9371,119안전센터,2018-03-17,1
창원소방본부,창원소방서-팔룡-119 안전센터,경남 창원시 의창구 창원대로204번길 15 차룡119안전센터,35.2429117,128.6228995,055-211-9411,119안전센터,2018-03-17,1
창원소방본부,창원소방서-봉곡-119 안전센터,경남 창원시 의창구 지귀로 127 봉곡119안전센터,35.2451337,128.6587136,055-211-9391,119안전센터,2018-03-17,1
창원소방본부,창원소방서-중동-119 안전센터,창원시 의창구 중동중앙로 119,35.258885,128.631054,055-211-9421,119안전센터,2026-01-31,1
창원소방본부,창원소방서-창원_외동-119 안전센터,경남 창원시 성산구 창원대로 786 외동119안전센터,35.2140028,128.6758919,055-211-9381,119안전센터,2018-03-17,1
창원소방본부,창원소방서-창원_신월-119 안전센터,경남 창원시 의창구 상남로 165 신월119안전센터,35.2274727,128.6855886,055-211-9361,119안전센터,2018-03-17,1
제주소방본부,동부소방서_제주-표선-119 안전센터,제주특별자치도 서귀포시 표선면 표선관정로 39-16,33.3271638,126.8277045,064-787-0119,119안전센터,2018-03-17,2
제주소방본부,동부소방서_제주-남원-119 안전센터,제주특별자치도 서귀포시 남원읍 남원체육관로221번길 23,33.2814796,126.7084379,064-764-0119,119안전센터,2018-03-17,1
제주소방본부,동부소방서_제주-조천-119 안전센터,제주특별자치도 제주시 조천읍 신북로 337,33.5411042,126.6468242,064-782-6119,119안전센터,2018-03-17,1
제주소방본부,동부소방서_제주-구좌-119 안전센터,제주특별자치도 제주시 구좌읍 세화14길 8,33.5203421,126.8600839,064-783-0119,119안전센터,2018-03-17,3
제주소방본부,동부소방서_제주-동부(제주)_성산-119 안전센터,제주특별자치도 서귀포시 성산읍 일주동로 4120번길 7,33.4605596,126.9100733,064-782-0119,119안전센터,2018-03-17,2
제주소방본부,서부소방서_제주-영어교육도시-119 안전센터,제주특별자치도 서귀포시 대정읍 에듀시티로 238,33.2789637,126.2733589,064-792-5119,119안전센터,2018-03-17,1
제주소방본부,서부소방서_제주-안덕-119 안전센터,제주특별자치도 서귀포시 안덕면 화순서서로 2,33.2512132,126.3308995,064-794-9119,119안전센터,2018-03-17,1
제주소방본부,서부소방서_제주-한경-119 안전센터,제주특별자치도 제주시 한경면 일주서로 4218,33.3427041,126.1828573,064-773-0119,119안전센터,2018-03-17,1
제주소방본부,서부소방서_제주-대정-119 안전센터,제주특별자치도 서귀포시 대정읍 일주서로 2717,33.2325495,126.2408092,064-794-1119,119안전센터,2018-03-17,1
제주소방본부,서부소방서_제주-애월-119 안전센터,제주특별자치도 제주시 애월읍 일주서로 6513,33.466678,126.3487839,064-799-3119,119안전센터,2018-03-17,1
제주소방본부,서부소방서_제주-한림-119 안전센터,제주특별자치도 제주시 한림읍 한림중앙로 150,33.4024577,126.2703256,064-796-2119,119안전센터,2018-03-17,2
제주소방본부,서귀포소방서-효돈-119 안전센터,제주특별자치도 서귀포시 일주동로 8234,33.2607923,126.6077222,064-767-2119,119안전센터,2018-03-17,1
제주소방본부,서귀포소방서-대신-119 안전센터,서귀포시 서호남로 20(법환동),33.24986,126.513864,064-739-0119,119안전센터,2026-01-31,2
제주소방본부,서귀포소방서-중문-119 안전센터,제주특별자치도 서귀포시 천제연로 164,33.2520381,126.4221321,064-738-0119,119안전센터,2018-03-17,1
제주소방본부,서귀포소방서-동홍-119 안전센터,제주특별자치도 서귀포시 동홍로 31,33.2511564,126.5670718,064-762-1119,119안전센터,2018-03-17,1
제주소방본부,제주소방서-노형-119 안전센터,제주특별자치도 제주시 광평동로 2,33.4810773,126.4722373,064-742-5119,119안전센터,2018-03-17,1
제주소방본부,제주소방서-화북-119 안전센터,제주특별자치도 제주시 동화로1길 3,33.5194262,126.5734778,064-726-6119,119안전센터,2018-03-17,1
제주소방본부,제주소방서-항만-119 안전센터,제주특별자치도 제주시 임항로 146,33.520092,126.539275,064-756-1178,119안전센터,2018-03-17,2
제주소방본부,제주소방서-연동-119 안전센터,제주특별자치도 제주시 문송길 14,33.4884789,126.4970866,064-743-2119,119안전센터,2018-03-17,1
제주소방본부,제주소방서-오라-119 안전센터,제주특별자치도 제주시 서광로2길 24,33.4959596,126.514675,064-756-1176,119안전센터,2018-03-17,1
제주소방본부,제주소방서-삼도-119 안전센터,제주특별자치도 제주시 탑동로 101,33.5158603,126.5170871,064-756-4258,119안전센터,2018-03-17,1
제주소방본부,제주소방서-이도-119 안전센터,제주특별자치도 제주시 중앙로 342,33.4907562,126.5366281,064-756-1175,119안전센터,2018-03-17,2
경남소방본부,합천소방서-초계-119 안전센터,경남 합천군 초계면 양동로 6-16,35.5568996,128.2616498,055-930-9320,119안전센터,2018-03-17,2
경남소방본부,합천소방서-합천-119 안전센터,경남 합천군 합천읍 인덕로 2453,35.5728813,128.1484886,055-930-9300,119안전센터,2018-03-17,3
경남소방본부,거창소방서-가조-119 안전센터,경남 거창군 가조면 마상3길 32,35.7115185,128.0165006,055-940-9381,119안전센터,2018-03-17,1
경남소방본부,김해서부소방서-장유-119 안전센터,경상남도 김해시 번화2로 12 소방서,35.1901911,128.8062655,055-344-9360,119안전센터,2018-03-17,2
인천소방본부,남동소방서_인천-담방(구.서창)-119 안전센터,인천광역시 남동구 매소홀로 1044 남동소방서담방119안전센터,37.439339,126.739021,032-870-5224,119안전센터,2018-03-17,1
강원소방본부,태장119안전센터,강원도 원주시 태장동 태장공단길 4 원주소방서태장119안전센터,37.4015832,127.9528396,033-769-1571,119안전센터,2018-03-17,2
강원소방본부,학성119안전센터,강원도 원주시 학성동 학성길 122 학성119안전센터,37.3536843,127.9448713,033-769-1531,119안전센터,2018-03-18,1
세종소방본부,아름119안전센터,세종특별자치시 아름동 보듬3로 119 아름119안전센터,36.5114413,127.2466155,044-300-8581,119안전센터,2018-03-18,1
세종소방본부,보람119안전센터,세종특별자치시 보람동 남세종로 436  보람119안전센터,36.477969,127.291246,044-300-8621,119안전센터,2018-03-18,2
강원소방본부,우산119안전센터,강원도 원주시 우산동 우산공단길 9 우산119안전센터,37.3741129,127.9418383,033-769-1561,119안전센터,2018-03-18,1
서울소방재난본부,마포소방서-염리-119 안전센터,서울특별시 마포구 토정로 37길 27 (염리동),37.5417237,126.9455741,02-713-0965,119안전센터,2018-03-17,1
서울소방재난본부,마포소방서-신수-119 안전센터,서울특별시 마포구 창전로 76 (신수동),37.5494864,126.9331869,02-716--9121,119안전센터,2018-03-17,2
서울소방재난본부,서대문소방서-북아현-119 안전센터,서울특별시 서대문구 북아현동 1016-1,37.56064,126.955689,02-3147-0119,119안전센터,2026-01-30,2
서울소방재난본부,서대문소방서-홍은-119 안전센터,서울특별시 서대문구 홍은중앙로 83 (홍은동),37.5987473,126.9470355,02-379-9119,119안전센터,2018-03-17,1
서울소방재난본부,서대문소방서-북가좌-119 안전센터,서울특별시 서대문구 증가로 242 (북가좌동),37.5828775,126.9130275,02-372-0119,119안전센터,2018-03-17,1
서울소방재난본부,서대문소방서-서대문_연희-119 안전센터,서울특별시 서대문구 연희로 182 (연희동),37.5732196,126.9360289,02-336-0119,119안전센터,2018-03-17,2
서울소방재난본부,은평소방서-수색-119 안전센터,서울특별시 은평구 수색로 294 (수색동),37.584079,126.8921551,02-376-0119,119안전센터,2018-03-17,1
서울소방재난본부,은평소방서-역촌-119 안전센터,서울특별시 은평구 갈현로 80 (역촌동),37.6049961,126.9106892,02-352-2119,119안전센터,2018-03-17,2
서울소방재난본부,은평소방서-녹번-119 안전센터,서울특별시 은평구 은평로 245 (녹번동),37.601186,126.9349883,02-387-0119,119안전센터,2018-03-17,2
서울소방재난본부,은평소방서-진관-119 안전센터,서울특별시 은평구 통일로 962(진관동),37.62896,126.920145,02-354-0119,119안전센터,2018-03-17,2
서울소방재난본부,노원소방서-수락-119 안전센터,서울특별시 노원구 동일로 1694 (상계동),37.6797618,127.0557656,02-937-6119,119안전센터,2018-03-17,1
서울소방재난본부,노원소방서-월계-119 안전센터,서울특별시 노원구 월계로 323 (월계동),37.6288196,127.0563956,02-907-0119,119안전센터,2018-03-17,1
서울소방재난본부,노원소방서-공릉-119 안전센터,서울특별시 노원구 화랑로 482 (공릉동),37.6190645,127.0807118,02-976-0119,119안전센터,2018-03-17,1
서울소방재난본부,노원소방서-상계-119 안전센터,서울특별시 노원구 노원로26길 111 (상계동),37.6550701,127.0716445,02-936-0119,119안전센터,2018-03-17,2
서울소방재난본부,노원소방서-하계-119 안전센터,서울특별시 노원구 한글비석로1길 8 (하계동),37.6381043,127.0711604,02-972-1119,119안전센터,2018-03-17,2
서울소방재난본부,도봉소방서-쌍문-119 안전센터,서울특별시 도봉구 노해로 152 (쌍문동),37.6481984,127.026816,02-996-0119,119안전센터,2018-03-17,1
서울소방재난본부,도봉소방서-창동-119 안전센터,서울특별시 도봉구 해등로 25 (창동),37.6467676,127.043758,02-998-9117,119안전센터,2018-03-17,1
서울소방재난본부,도봉소방서-도봉-119 안전센터,서울특별시 도봉구 도봉로 721 (방학동),37.6689381,127.0431159,02-3492-0119,119안전센터,2018-03-17,1
서울소방재난본부,도봉소방서-방학-119 안전센터,서울특별시 도봉구 도봉로 666 (방학동),37.6639821,127.0430125,02-3492-9113,119안전센터,2018-03-17,2
서울소방재난본부,성북소방서-장위-119 안전센터,서울특별시 성북구 한천로 640 (장위동),37.6155644,127.0582373,02-917-0344,119안전센터,2018-03-17,1
서울소방재난본부,성북소방서-길음-119 안전센터,서울특별시 성북구 정릉로 321 (길음동),37.6029206,127.0191352,02-987-0272,119안전센터,2018-03-17,2
서울소방재난본부,성북소방서-돈암-119 안전센터,서울특별시 성북구 보문로 192 (삼선동4가),37.5909998,127.0144463,02-925-1158,119안전센터,2018-03-17,1
서울소방재난본부,성북소방서-종암-119 안전센터,서울특별시 성북구 종암로27길 3 (종암동),37.6024303,127.031753,02-925-1119,119안전센터,2018-03-17,2
서울소방재난본부,영등포소방서-신길-119 안전센터,서울특별시 영등포구 영등포로84길 31 (신길동),37.5104288,126.9222,02-834-0119,119안전센터,2018-03-17,1
서울소방재난본부,영등포소방서-대림-119 안전센터,서울특별시 영등포구 도림로 212 (신길동),37.4973275,126.9040649,02-846-0119,119안전센터,2018-03-17,2
서울소방재난본부,영등포소방서-당산-119 안전센터,서울특별시 영등포구 양평로 70-1 (당산동6가),37.5355014,126.8991979,02-2633-0119,119안전센터,2018-03-17,1
서울소방재난본부,영등포소방서-여의도-119 안전센터,서울특별시 영등포구 의사당대로 162 (여의도동),37.517222,126.9279783,02-783-0119,119안전센터,2018-03-17,1
서울소방재난본부,영등포소방서-영등포-119 안전센터,서울특별시 영등포구 문래로 197 (영등포동4가),37.5184377,126.9042001,02-2676-0119,119안전센터,2018-03-17,2
서울소방재난본부,중랑소방서-중화-119 안전센터,서울특별시 중랑구 동일로 783 (중화동),37.6004725,127.0793532,02-496-1191,119안전센터,2018-03-17,2
서울소방재난본부,중랑소방서-망우-119 안전센터,서울특별시 중랑구 용마산로 524 (망우동),37.5978009,127.1005972,02-493-7119,119안전센터,2018-03-17,2
서울소방재난본부,중랑소방서-면목-119 안전센터,서울특별시 중랑구 동일로 475 (면목동),37.572847,127.0807591,02-491-5119,119안전센터,2018-03-17,1
서울소방재난본부,중랑소방서-신내-119 안전센터,서울특별시 중랑구 신내로 183 (신내동),37.6153993,127.0948903,02-3422-1196,119안전센터,2018-03-17,1
서울소방재난본부,동대문소방서-휘경-119 안전센터,서울특별시 동대문구 망우로 106 (휘경동),37.5906642,127.0651665,02-2213-0119,119안전센터,2018-03-17,1
서울소방재난본부,동대문소방서-용두-119 안전센터,서울특별시 동대문구 왕산로 76 (용두동),37.5778552,127.0317576,02-928-0119,119안전센터,2018-03-17,1
서울소방재난본부,동대문소방서-전농-119 안전센터,서울특별시 동대문구 황물로 3 (전농동),37.5763173,127.0460404,02-2215-0119,119안전센터,2018-03-17,1
서울소방재난본부,동대문소방서-청량리-119 안전센터,서울특별시 동대문구 왕산로 299 (청량리동),37.5871672,127.0523258,02-962-0119,119안전센터,2018-03-17,1
서울소방재난본부,동대문소방서-동대문_장안-119 안전센터,서울특별시 동대문구 장한로 34 (장안동),37.5640037,127.0666254,02-2245-0119,119안전센터,2018-03-17,2
서울소방재난본부,용산소방서-서빙고-119 안전센터,서울특별시 용산구 서빙고로67길 7(서빙고동),37.5208437,126.9950278,02-795-7119,119안전센터,2018-03-17,1
서울소방재난본부,용산소방서-후암-119 안전센터,서울특별시 용산구 후암로 34 (후암동),37.5489368,126.9779026,02-754-0119,119안전센터,2018-03-17,1
서울소방재난본부,용산소방서-이태원-119 안전센터,서울특별시 용산구 이태원로 196 (이태원동),37.5344065,126.9958456,02-798-0119,119안전센터,2018-03-17,1
서울소방재난본부,용산소방서-한강로-119 안전센터,서울특별시 용산구 한강대로 167 (한강로2가),37.5341021,126.971495,02-793-0119,119안전센터,2018-03-17,1
서울소방재난본부,성동소방서-성수-119 안전센터,서울특별시 성동구 뚝섬로 452 (성수동2가),37.537182,127.0606549,02-2622-1751,119안전센터,2018-03-17,1
서울소방재난본부,성동소방서-성동_금호-119 안전센터,서울특별시 성동구 난계로 19 (금호동1가),37.5540709,127.0243423,02-2622-1771,119안전센터,2018-03-17,1
서울소방재난본부,성동소방서-왕십리(구 행당)-119 안전센터,서울특별시 성동구 고산자로 249 (도선동),37.5620474,127.0355037,02-2622-1761,119안전센터,2018-03-17,1
서울소방재난본부,성동소방서-행당(구 송정)-119 안전센터,서울특별시 성동구 살곶이길 331(행당동),37.5537157,127.0394565,02-2622-1605,119안전센터,2018-03-17,1
서울소방재난본부,광진소방서-중곡-119 안전센터,서울특별시 광진구 용마산로 150 (중곡동),37.5669566,127.0866608,02-453-2119,119안전센터,2018-03-17,1
서울소방재난본부,광진소방서-능동-119 안전센터,서울특별시 광진구 능동로 242 (능동),37.5516556,127.0769748,02-447-0119,119안전센터,2018-03-17,2
서울소방재난본부,광진소방서-구의-119 안전센터,서울특별시 광진구 광나루로 480 (구의동),37.5448242,127.0827646,02-447-1194,119안전센터,2018-03-17,2
서울소방재난본부,중부소방서_서울-신당-119 안전센터,서울특별시 중구 다산로8길 2 (신당동),37.5529266,127.0096592,02-2238-0698,119안전센터,2018-03-17,1
서울소방재난본부,중부소방서_서울-회현-119 안전센터,서울특별시 중구 소공로 30 (회현동2가),37.5582066,126.9833694,02-775-0119,119안전센터,2018-03-17,1
서울소방재난본부,중부소방서_서울-충무로-119 안전센터,서울특별시 중구 충무로 11 (충무로3가),37.5621561,126.9929127,02-2265-0119,119안전센터,2018-03-17,1
서울소방재난본부,중부소방서_서울-을지로-119 안전센터,서울특별시 중구 을지로45길 43 (신당동),37.5667298,127.0120674,02-2235-0119,119안전센터,2018-03-17,1
서울소방재난본부,중부소방서_서울-무학-119 안전센터,서울특별시 중구 퇴계로 394 (무학동),37.5648732,127.0153884,02-2252-3311,119안전센터,2018-03-17,1
서울소방재난본부,종로소방서-숭인-119 안전센터,서울특별시 종로구 숭인동길 63 (숭인동),37.5777737,127.021723,02-929-0921,119안전센터,2018-03-17,1
서울소방재난본부,종로소방서-신영-119 안전센터,서울특별시 종로구 진흥로 477 (신영동),37.6058152,126.9608614,02-391-0119,119안전센터,2018-03-17,1
서울소방재난본부,종로소방서-연건-119 안전센터,서울특별시 종로구 대학로 91 (연건동),37.5794185,127.0018273,02-762-0119,119안전센터,2018-03-17,1
서울소방재난본부,종로소방서-종로-119 안전센터,서울특별시 종로구 돈화문로 30 (묘동),37.571235,126.9919737,02-764-0119,119안전센터,2018-03-17,1
서울소방재난본부,종로소방서-신교-119 안전센터,서울특별시 종로구 자하문로 93 (신교동),37.5842937,126.9700262,02-736-0119,119안전센터,2018-03-17,1
서울소방재난본부,종로소방서-세종로-119 안전센터,서울특별시 종로구 종로1길 28 (수송동),37.5728428,126.9789142,02-734-0119,119안전센터,2018-03-17,1
부산소방안전본부,중부소방서_부산-초량-119 안전센터,부산광역시 동구 중앙대로 260번길 7-3(초량동),35.1197999,129.043208,051-760-6151,119안전센터,2018-03-17,1
부산소방안전본부,중부소방서_부산-창선-119 안전센터,부산광역시 중구 대청로 68-1(부평동),35.102854,129.0273459,051-760-6141,119안전센터,2018-03-17,1
부산소방안전본부,중부소방서_부산-충무-119 안전센터,부산광역시 서구 충무대로 186(남부민동),35.0871169,129.024779,051-760-6131,119안전센터,2018-03-17,1
부산소방안전본부,중부소방서_부산-부민-119 안전센터,부산광역시 서구 임시수도기념로 21-4(부민동3가),35.1032303,129.0185845,051-760-6121,119안전센터,2018-03-17,2
부산소방안전본부,중부소방서_부산-중부(부산)_중앙-119 안전센터,부산광역시 중구 중앙대로 110(중앙동4가),35.1072555,129.0369409,051-760-6111,119안전센터,2018-03-17,1
서울소방재난본부,강북소방서_서울-삼각산-119 안전센터,서울특별시 강북구 솔샘로 208 (미아동),37.6198887,127.0155203,02-983-5119,119안전센터,2018-03-17,1
서울소방재난본부,강북소방서_서울-미아-119 안전센터,서울특별시 강북구 도봉로 125 (미아동),37.6200208,127.0283102,02-983-9111,119안전센터,2018-03-17,2
서울소방재난본부,강북소방서_서울-우이-119 안전센터,서울특별시 강북구 삼각산로 111 (수유동),37.6409197,127.0166031,02-998-9116,119안전센터,2018-03-17,1
서울소방재난본부,구로소방서-구로_공단-119 안전센터,서울특별시 구로구 디지털로34길 56 (구로동),37.4842266,126.8984721,02-855-0119,119안전센터,2018-03-17,2
서울소방재난본부,구로소방서-신도림-119 안전센터,서울특별시 구로구 경인로59길 57 (신도림동),37.507329,126.8812109,02-2671-8119,119안전센터,2018-03-17,1
서울소방재난본부,구로소방서-구로_시흥-119 안전센터,서울특별시 금천구 시흥대로45길 31 (시흥동),37.448568,126.9004798,02-806-1119,119안전센터,2018-03-17,2
서울소방재난본부,구로소방서-구로-119 안전센터,서울특별시 구로구 구로동로 175 (구로동),37.4942434,126.8825611,02-855-1119,119안전센터,2018-03-17,1
서울소방재난본부,구로소방서-고척-119 안전센터,서울특별시 구로구 고척로 195 (고척동),37.5049261,126.8548668,02-2618-3104,119안전센터,2018-03-17,1
서울소방재난본부,구로소방서-수궁-119 안전센터,서울특별시 구로구 오리로 1285 (궁동),37.4962768,126.8295562,02-2685-6119,119안전센터,2018-03-17,1
서울소방재난본부,구로소방서-고일-119 안전센터,서울특별시 구로구 경인로 408 (고척동),37.4978258,126.8652844,02-2619-0119,119안전센터,2018-03-17,2
서울소방재난본부,송파소방서-가락-119 안전센터,서울특별시 송파구 양재대로 932 (가락동),37.4961026,127.1110027,02-409-0045,119안전센터,2018-03-17,2
서울소방재난본부,송파소방서-운동장-119 안전센터,서울특별시 송파구 올림픽로 25 (잠실동),37.5151707,127.0740482,02-2203-2380,119안전센터,2018-03-17,1
서울소방재난본부,송파소방서-잠실-119 안전센터,서울특별시 송파구 석촌호수로 151 (잠실동),37.5073324,127.0939009,02-422-0119,119안전센터,2018-03-17,2
서울소방재난본부,송파소방서-방이-119 안전센터,서울특별시 송파구 강동대로 286 (방이동),37.5197783,127.1365886,02-409-0059,119안전센터,2018-03-17,1
서울소방재난본부,송파소방서-거여-119 안전센터,서울특별시 송파구 마천로 329 (마천동),37.4941828,127.1518354,02-400-0119,119안전센터,2018-03-17,1
서울소방재난본부,송파소방서-마천-119 안전센터,서울특별시 송파구 오금로51길 56 (마천동),37.4998433,127.1425984,02-3401-2119,119안전센터,2018-03-17,1
서울소방재난본부,강동소방서-길동-119 안전센터,서울특별시 강동구 천중로 215 (길동),37.5409802,127.1443628,02-487-6119,119안전센터,2018-03-17,1
서울소방재난본부,강동소방서-암사-119 안전센터,서울특별시 강동구 올림픽로 815 (암사동),37.5539916,127.128655,02-429-0427,119안전센터,2018-03-17,1
서울소방재난본부,강동소방서-강동_고덕-119 안전센터,서울특별시 강동구 양재대로156길 133 (고덕동),37.5571873,127.152018,02-426-0431,119안전센터,2018-03-17,1
서울소방재난본부,강동소방서-천호-119 안전센터,서울특별시 강동구 진황도로 37 (천호동),37.5386191,127.1313867,02-474-1721,119안전센터,2018-03-17,2
서울소방재난본부,강동소방서-성내-119 안전센터,서울특별시 강동구 성내로 39 (성내동),37.5292678,127.1249082,02-470-1720,119안전센터,2018-03-17,1
서울소방재난본부,양천소방서-신트리-119 안전센터,서울특별시 양천구 신정로 238 (신정동),37.5105844,126.8479829,02-2691-1113,119안전센터,2018-03-17,1
서울소방재난본부,양천소방서-양천_신월-119 안전센터,서울특별시 양천구 남부순환로 448 (신월동),37.5279103,126.8330352,02-2691-4119,119안전센터,2018-03-17,2
서울소방재난본부,양천소방서-목동-119 안전센터,서울특별시 양천구 안양천로 1139 (목동),37.5428174,126.8835562,02-2249-0119,119안전센터,2018-03-17,1
서울소방재난본부,양천소방서-양천_신정-119 안전센터,서울특별시 양천구 신월로 268 (신정동),37.521759,126.8509481,02-2603-0119,119안전센터,2018-03-17,2
서울소방재난본부,양천소방서-양천-119 안전센터,서울특별시 양천구 목동서로 180 (목동),37.5302527,126.8723636,02-2643-4119,119안전센터,2018-03-17,2
서울소방재난본부,강서소방서_서울-개화-119 안전센터,서울특별시 강서구 개화동로19길 8 (개화동),37.5749702,126.8031364,02-2662-7119,119안전센터,2018-03-17,1
서울소방재난본부,강서소방서_서울-방화-119 안전센터,서울특별시 강서구 금낭화로26길 10 (방화동),37.5798064,126.8142928,02-2665-3115,119안전센터,2018-03-17,1
서울소방재난본부,강서소방서_서울-발산-119 안전센터,서울특별시 강서구 강서로 329 (내발산동),37.5552773,126.8368686,02-2663-0119,119안전센터,2018-03-17,2
서울소방재난본부,강서소방서_서울-화곡-119 안전센터,서울특별시 강서구 까치산로 49 (화곡동),37.5436499,126.8452334,02-6981-5170,119안전센터,2018-03-17,1
서울소방재난본부,강서소방서_서울-등촌-119 안전센터,서울특별시 강서구 양천로 550 (등촌동),37.5579833,126.860275,02-3662-9119,119안전센터,2018-03-17,2
서울소방재난본부,동작소방서-동작_백운-119 안전센터,서울특별시 동작구 사당로 63 (상도동),37.4948055,126.9615958,02-817-0119,119안전센터,2018-03-17,2
서울소방재난본부,동작소방서-상도-119 안전센터,서울특별시 동작구 국사봉1길 17 (상도동),37.4990137,126.9294742,02-821-1119,119안전센터,2018-03-17,1
서울소방재난본부,동작소방서-노량진-119 안전센터,서울특별시 동작구 노량진로 187 (노량진동),37.5136766,126.9469479,02-813-0119,119안전센터,2018-03-17,1
서울소방재난본부,동작소방서-동작-119 안전센터,서울특별시 동작구 여의대방로16길 55(신대방동),37.4946106,126.9176919,02-848-1088,119안전센터,2018-03-17,1
서울소방재난본부,관악소방서-난곡-119 안전센터,서울특별시 관악구 난곡로 243 (신림동),37.4757048,126.9160379,02-859-0119,119안전센터,2018-03-17,1
서울소방재난본부,관악소방서-관악_신림-119 안전센터,서울특별시 관악구 봉천로 202 (신림동),37.4896367,126.9239763,02-874-0119,119안전센터,2018-03-17,2
서울소방재난본부,관악소방서-봉천-119 안전센터,서울특별시 관악구 은천로 54 (봉천동),37.4859836,126.9411197,02-886-0119,119안전센터,2018-03-17,2
서울소방재난본부,관악소방서-관악-119 안전센터,서울특별시 관악구 관악로 97 (봉천동),37.4739307,126.9523141,02-874-7119,119안전센터,2018-03-17,2
서울소방재난본부,서초소방서-우면-119 안전센터,서울특별시 서초구 남부순환로340길 49 (서초동),37.4795644,127.0218874,02-522-6119,119안전센터,2018-03-17,1
서울소방재난본부,서초소방서-잠원-119 안전센터,서울특별시 서초구 서초중앙로29길 6 (반포동),37.4990775,127.0116219,02-532-7119,119안전센터,2018-03-17,2
서울소방재난본부,서초소방서-서초-119 안전센터,서울특별시 서초구 효령로 400 (서초동),37.4880256,127.0275962,02-3473-0119,119안전센터,2018-03-17,2
서울소방재난본부,서초소방서-양재-119 안전센터,서울특별시 서초구 동산로 9 (양재동),37.469475,127.0408455,02-572-5523,119안전센터,2018-03-17,1
서울소방재난본부,서초소방서-방배-119 안전센터,서울특별시 서초구 남부순환로 2155 (방배동),37.4755078,126.9882099,02-582-0119,119안전센터,2018-03-17,1
서울소방재난본부,서초소방서-반포-119 안전센터,서울특별시 서초구 사평대로 67 (반포동),37.498466,126.9919369,02-534-0119,119안전센터,2018-03-17,1
서울소방재난본부,강남소방서-개포-119 안전센터,서울특별시 강남구 논현로 10길 19 (개포동),37.474758,127.0499072,02-577-2540,119안전센터,2018-03-17,1
서울소방재난본부,강남소방서-수서-119 안전센터,서울특별시 강남구 광평로31길 6 (수서동),37.4849425,127.092867,02-445-9019,119안전센터,2018-03-17,1
서울소방재난본부,강남소방서-역삼-119 안전센터,서울특별시 강남구 역삼로 236 (역삼동),37.4971347,127.0424589,02-557-0109,119안전센터,2018-03-17,2
서울소방재난본부,강남소방서-영동-119 안전센터,서울특별시 강남구 도산대로 320 (논현동),37.5221429,127.0369506,02-517-5119,119안전센터,2018-03-17,2
서울소방재난본부,강남소방서-강남_삼성-119 안전센터,서울특별시 강남구 테헤란로 629 (삼성동),37.5102929,127.06684,02-567-0119,119안전센터,2018-03-17,2
서울소방재난본부,마포소방서-공덕-119 안전센터,서울특별시 마포구 만리재옛길 82 (공덕동),37.5500544,126.9597723,02-3274-0976,119안전센터,2018-03-17,1
서울소방재난본부,마포소방서-마포_성산-119 안전센터,서울특별시 마포구 월드컵북로 240 (성산동),37.5706103,126.9031294,02-304-0119,119안전센터,2018-03-17,1
서울소방재난본부,마포소방서-서교-119 안전센터,서울특별시 마포구 양화로 60 (서교동),37.5502855,126.9155632,02-3143-2119,119안전센터,2018-03-17,2
대구소방안전본부,중부소방서_대구-성명-119 안전센터,대구광역시 남구 대명남로 12-1,35.8334026,128.5601525,053-601-4578,119안전센터,2018-03-17,2
대구소방안전본부,중부소방서_대구-봉덕-119 안전센터,대구광역시 남구 희망로3길 29,35.8490502,128.5992964,053-601-4573,119안전센터,2018-03-17,1
대구소방안전본부,중부소방서_대구-명덕-119 안전센터,대구광역시 남구 명덕로34길 22,35.8555084,128.5872111,053-601-4577,119안전센터,2018-03-17,1
대구소방안전본부,중부소방서_대구-삼덕-119 안전센터,대구광역시 중구 공평로 35,35.8671907,128.5996645,053-601-4575,119안전센터,2018-03-17,1
대구소방안전본부,중부소방서_대구-서문로-119 안전센터,대구광역시 중구 경상감영길 45,35.8715329,128.5899696,053-601-4572,119안전센터,2018-03-17,1
대구소방안전본부,중부소방서_대구-남산-119 안전센터,대구광역시 중구 달구벌대로 1926,35.862557,128.575188,053-601-4571,119안전센터,2018-03-17,2
부산소방안전본부,항만소방서-항만_청학-119 안전센터,부산광역시 영도구 태종로 274(청학동),35.0981459,129.0565835,051-760-6941,119안전센터,2018-03-17,1
부산소방안전본부,항만소방서-영선-119 안전센터,부산광역시 영도구 태종로 115(영선동),35.091015,129.043475,051-760-6921,119안전센터,2018-03-17,1
부산소방안전본부,항만소방서-동삼-119 안전센터,부산광역시 영도구 해양로 297(동삼동),35.0817621,129.0767847,051-760-6911,119안전센터,2018-03-17,1
부산소방안전본부,기장소방서-장안-119 안전센터,부산광역시 기장군 장안산단 3로 43(장안읍),35.3330346,129.2632776,051-760-5441,119안전센터,2018-03-17,1
부산소방안전본부,기장소방서-기장_송정-119 안전센터,부산광역시 해운대구 송정중앙로 15번길 16(송정동),35.1838206,129.2030354,051-760-5431,119안전센터,2018-03-17,1
부산소방안전본부,기장소방서-일광-119 안전센터,부산광역시 기장군 일광읍 해빛5로 15,35.260855,129.221026,051-760-5421,119안전센터,2026-01-31,1
부산소방안전본부,기장소방서-정관-119 안전센터,부산광역시 기장군 정관면 용수로 7(정관읍),35.3249052,129.1799668,051-760-5411,119안전센터,2018-03-17,2
부산소방안전본부,강서소방서_부산-지사-119 안전센터,부산광역시 강서구 과학산단로 333번길 3(지사동),35.1486079,128.8331917,051-760-6051,119안전센터,2018-03-17,1
부산소방안전본부,강서소방서_부산-강동-119 안전센터,부산광역시 강서구 제도로 696(강동동),35.174757,128.9160116,051-760-6041,119안전센터,2018-03-17,1
부산소방안전본부,강서소방서_부산-대저-119 안전센터,부산광역시 강서구 대저로221번길 25(대저동),35.2157185,128.9768221,051-760-6031,119안전센터,2018-03-17,1
부산소방안전본부,강서소방서_부산-신호-119 안전센터,부산광역시 강서구 신호산단4로 62(신호동),35.0854377,128.8795395,051-760-6021,119안전센터,2018-03-17,1
부산소방안전본부,강서소방서_부산-녹산-119 안전센터,부산광역시 강서구 녹산산단361로 9(송정동),35.0896166,128.8567949,051-760-6011,119안전센터,2018-03-17,1
부산소방안전본부,남부소방서_부산-용당-119 안전센터,부산광역시 남구 신선로 398(용당동),35.1206377,129.0986493,051-760-6851,119안전센터,2018-03-17,1
부산소방안전본부,남부소방서_부산-망미-119 안전센터,부산광역시 수영구 과정로55번길 16(망미동),35.176343,129.106388,051-760-6841,119안전센터,2018-03-17,1
부산소방안전본부,남부소방서_부산-대연-119 안전센터,부산광역시 남구 수영로 279(대연동),35.13623,129.0970253,051-760-6831,119안전센터,2018-03-17,2
부산소방안전본부,남부소방서_부산-감만-119 안전센터,부산광역시 남구 우암로 81(감만동),35.1177385,129.0805284,051-760-6821,119안전센터,2018-03-17,1
부산소방안전본부,남부소방서_부산-광안-119 안전센터,부산광역시 수영구 광일로 64(광안동),35.1631655,129.1070458,051-760-6811,119안전센터,2018-03-17,2
부산소방안전본부,금정소방서-반송-119 안전센터,부산광역시 해운대구 아랫반송로 10(반송동),35.225382,129.1469919,051-760-6741,119안전센터,2018-03-17,1
부산소방안전본부,금정소방서-금정_남산-119 안전센터,부산광역시 금정구 두실로 46(남산동),35.2614346,129.0868811,051-760-6731,119안전센터,2018-03-17,1
부산소방안전본부,금정소방서-서동-119 안전센터,부산광역시 동래구 반송로 331(명장동),35.2090357,129.1032981,051-760-6721,119안전센터,2018-03-17,2
부산소방안전본부,금정소방서-금정_부곡-119 안전센터,부산광역시 금정구 중앙대로 1789(부곡동),35.2440955,129.0928131,051-760-6711,119안전센터,2018-03-17,2
부산소방안전본부,해운대소방서-센텀-119 안전센터,부산광역시 해운대구 센텀동로 50(우동),35.1737606,129.1307991,051-760-6651,119안전센터,2018-03-17,1
부산소방안전본부,해운대소방서-좌동-119 안전센터,부산광역시 해운대구 대천로 67번길 35(좌동),35.1736444,129.16647,051-760-6641,119안전센터,2018-03-17,1
부산소방안전본부,해운대소방서-반여-119 안전센터,부산광역시 해운대구 선수촌로 21번길 64(반여동),35.197491,129.117714,051-760-6631,119안전센터,2018-03-17,1
부산소방안전본부,해운대소방서-해운대_중동-119 안전센터,부산광역시 해운대구 달맞이길 117번길 72(중동),35.1606971,129.1758624,051-760-6621,119안전센터,2018-03-17,1
부산소방안전본부,해운대소방서-우동-119 안전센터,부산광역시 해운대구 해운대해변로 106(우동),35.1593466,129.1436628,051-760-6611,119안전센터,2018-03-17,2
부산소방안전본부,사하소방서-감천-119 안전센터,부산광역시 사하구 원양로 405(감천동),35.0863046,129.0047954,051-760-6551,119안전센터,2018-03-17,1
부산소방안전본부,사하소방서-다대-119 안전센터,부산광역시 사하구 다대로 622(다대동),35.0511765,128.9703669,051-760-6541,119안전센터,2018-03-17,1
부산소방안전본부,사하소방서-하단-119 안전센터,부산광역시 사하구 낙동남로 1407(하단동),35.1065237,128.9655906,051-760-6431,119안전센터,2018-03-17,1
부산소방안전본부,사하소방서-괴정-119 안전센터,부산광역시 사하구 낙동대로 262(괴정동),35.0994224,128.9883833,051-760-6521,119안전센터,2018-03-17,1
부산소방안전본부,사하소방서-사하_신평-119 안전센터,부산광역시 사하구 장평로 270(신평동),35.090107,128.9733717,051-760-6511,119안전센터,2018-03-17,2
부산소방안전본부,북부소방서_부산-만덕-119 안전센터,부산광역시 북구 함박봉로 142(만덕동),35.2048093,129.0331892,051-760-6441,119안전센터,2018-03-17,1
부산소방안전본부,북부소방서_부산-금곡-119 안전센터,부산광역시 북구 금곡대로616번길 151(금곡동),35.2672881,129.0176491,051-760-6491,119안전센터,2018-03-17,1
부산소방안전본부,북부소방서_부산-학장-119 안전센터,부산광역시 사상구 학감대로 89(학장동),35.1396896,128.9904597,051-760-6471,119안전센터,2018-03-17,1
부산소방안전본부,북부소방서_부산-모라-119 안전센터,부산광역시 사상구 백양대로 950(모라동),35.1909804,128.9922759,051-760-6461,119안전센터,2018-03-17,1
부산소방안전본부,북부소방서_부산-주례-119 안전센터,부산광역시 사상구 양지로22번길 7(주례동),35.1540872,129.0041481,051-760-6451,119안전센터,2018-03-17,1
부산소방안전본부,북부소방서_부산-화명-119 안전센터,부산광역시 북구 금곡대로 184(화명동),35.2252887,129.0103213,051-760-6441,119안전센터,2018-03-17,1
부산소방안전본부,북부소방서_부산-구포-119 안전센터,부산광역시 북구 만덕대로 31(덕천동),35.2106544,129.0087257,051-760-6431,119안전센터,2018-03-17,2
부산소방안전본부,북부소방서_부산-감전-119 안전센터,부산광역시 사상구 가야대로 41(감전동),35.1518805,128.9773878,051-760-6421,119안전센터,2018-03-17,1
부산소방안전본부,북부소방서_부산-삼락-119 안전센터,부산광역시 사상구 삼덕로 17(삼락동),35.174463,128.978749,051-760-6411,119안전센터,2018-03-17,1
부산소방안전본부,동래소방서-동래_사직-119 안전센터,부산광역시 동래구 체육공원로 74(사직동),35.1946642,129.0592537,051-760-6351,119안전센터,2018-03-17,1
부산소방안전본부,동래소방서-양정-119 안전센터,부산광역시 부산진구 연제로9번길 42(양정동),35.1753992,129.0759106,051-760-6341,119안전센터,2018-03-17,2
부산소방안전본부,동래소방서-온천-119 안전센터,부산광역시 동래구 우장춘로 196(온천동),35.2231298,129.0775825,051-760-6331,119안전센터,2018-03-17,1
부산소방안전본부,동래소방서-수안-119 안전센터,부산광역시 동래구 명륜로45번길 7(수안동),35.1981607,129.0838088,051-760-6321,119안전센터,2018-03-17,2
부산소방안전본부,동래소방서-동래_연산-119 안전센터,부산광역시 연제구 고분로 216(연산동),35.1843589,129.1052426,051-760-6311,119안전센터,2018-03-17,2
부산소방안전본부,부산진소방서-당감-119 안전센터,부산광역시 부산진구 백양산로53번길 65(당감동),35.1717173,129.0285277,051-760-6261,119안전센터,2018-03-17,1
부산소방안전본부,부산진소방서-부암-119 안전센터,부산광역시 부산진구 신천대로 282(부암동),35.1669155,129.0507416,051-760-6251,119안전센터,2018-03-17,2
부산소방안전본부,부산진소방서-부산진_가야-119 안전센터,부산광역시 부산진구 가야대로 627(가야동),35.1557509,129.0403885,051-760-6241,119안전센터,2018-03-17,1
부산소방안전본부,부산진소방서-수정-119 안전센터,부산광역시 동구 중앙대로 383-1(수정동),35.1296279,129.049219,051-760-6231,119안전센터,2018-03-17,1
부산소방안전본부,부산진소방서-부전-119 안전센터,부산광역시 부산진구 서전로 43(전포동),35.1579737,129.0646,051-760-6221,119안전센터,2018-03-17,2
부산소방안전본부,부산진소방서-범일-119 안전센터,부산광역시 동구 범일로 115(범일동),35.1404454,129.0590339,051-760-6211,119안전센터,2018-03-17,1
인천소방본부,공단소방서-옥련-119 안전센터,인천광역시 연수구 청량로 155번길 7(옥련동),37.420716,126.6519573,032-723-5522,119안전센터,2018-03-17,1
인천소방본부,공단소방서-공단_고잔-119 안전센터,인천광역시 남동구 남동서로 208(고잔동),37.4081309,126.6930221,032-723-5521,119안전센터,2018-03-17,1
인천소방본부,서부소방서_인천-청라-119 안전센터,인천광역시 서구 경서동 628-3,37.5319198,126.6271065,032-569-5026,119안전센터,2018-03-17,1
인천소방본부,서부소방서_인천-검암-119 안전센터,인천광역시 서구 검암동 606-9,37.5640662,126.6735709,032-568-7119,119안전센터,2018-03-17,1
인천소방본부,서부소방서_인천-검단-119 안전센터,인천광역시 서구 왕길동 635-4,37.6026559,126.6551368,032-565-0119,119안전센터,2018-03-17,1
인천소방본부,서부소방서_인천-석남-119 안전센터,인천광역시 서구 석남로102(석남동),37.5006029,126.672973,032-571-0119,119안전센터,2018-03-17,1
인천소방본부,서부소방서_인천-서부(인천)_신현-119 안전센터,인천광역시 서구 신현동 294,37.5146839,126.672275,032-572-0119,119안전센터,2018-03-17,1
인천소방본부,서부소방서_인천-가좌-119 안전센터,인천광역시 서구 가좌동 540-1,37.4795785,126.6800947,032-578-0119,119안전센터,2018-03-17,1
인천소방본부,서부소방서_인천-서부(인천)_연희-119 안전센터,인천광역시 서구 서곶로292(심곡동),37.54316,126.6773037,032-723-5421,119안전센터,2018-03-17,1
인천소방본부,부평소방서_인천-부평_삼산-119 안전센터,인천광역시 부평구 충선로 252,37.5117671,126.7360679,032-723-5358,119안전센터,2018-03-17,1
인천소방본부,부평소방서_인천-부개-119 안전센터,인천광역시 부평구 부개로 6,37.4978952,126.7396775,032-723-5357,119안전센터,2018-03-17,2
인천소방본부,부평소방서_인천-산곡-119 안전센터,인천광역시 부평구 마장로 198,37.4956763,126.703125,032-723-5356,119안전센터,2018-03-17,2
인천소방본부,부평소방서_인천-십정-119 안전센터,인천광역시 부평구 경원대로 1111,37.4803235,126.6972752,032-723-5355,119안전센터,2018-03-17,1
인천소방본부,부평소방서_인천-부평-119 안전센터,인천광역시 부평구 부평대로 8,37.4921796,126.7234499,032-723-5354,119안전센터,2018-03-17,1
인천소방본부,부평소방서_인천-부평_갈산-119 안전센터,인천광역시 부평구 부평대로 324,37.5202441,126.7221321,032-723-5353,119안전센터,2018-03-17,2
인천소방본부,남동소방서_인천-간석-119 안전센터,인천광역시 남동구 백범로 248번길,37.4627611,126.7218843,032-870-5223,119안전센터,2018-03-17,2
인천소방본부,남동소방서_인천-만수-119 안전센터,인천광역시 남동구 인주대로 845,37.4487148,126.7313267,032-870-5222,119안전센터,2018-03-17,1
인천소방본부,남동소방서_인천-구월-119 안전센터,인천광역시 남동구 인주대로 714-8,37.449058,126.7159427,032-870-5221,119안전센터,2018-03-17,2
인천소방본부,중부소방서_인천-백령-119 안전센터,인천광역시 옹진군 백령면 백령남로 30,37.967471,124.7175276,032-836-0119,119안전센터,2018-03-17,2
인천소방본부,중부소방서_인천-만석-119 안전센터,인천광역시 동구 제물량로 396,37.4833866,126.6257931,032-766-0119,119안전센터,2018-03-17,1
인천소방본부,중부소방서_인천-송림-119 안전센터,인천광역시 동구 샛골로 133,37.4743122,126.6440944,032-764-7119,119안전센터,2018-03-17,1
인천소방본부,중부소방서_인천-중부(인천)_송현-119 안전센터,인천광역시 동구 방축로 39,37.4863128,126.6509907,032-576-0119,119안전센터,2018-03-17,1
인천소방본부,중부소방서_인천-중부(인천)_중앙-119 안전센터,인천광역시 중구 인중로 204,37.4701263,126.6222875,032-870-5180,119안전센터,2018-03-17,4
대구소방안전본부,강서소방서_대구-매곡-119 안전센터,대구광역시 달성군 다사읍 달구벌대로 753,35.8611492,128.4541256,053-601-5660,119안전센터,2018-03-17,1
대구소방안전본부,강서소방서_대구-대천-119 안전센터,대구광역시 달서구 달서대로58길 129,35.8249447,128.5067496,053-601-5650,119안전센터,2018-03-17,1
대구소방안전본부,강서소방서_대구-죽전-119 안전센터,대구광역시 달서구 와룡로 222,35.8525899,128.537634,053-601-5640,119안전센터,2018-03-17,1
대구소방안전본부,강서소방서_대구-성서-119 안전센터,대구광역시 달서구 성서로 357,35.8495073,128.506873,053-601-5630,119안전센터,2018-03-17,1
대구소방안전본부,강서소방서_대구-다사-119 안전센터,대구광역시 달성군 다사읍 달구벌대로 920,35.8554417,128.4674366,053-601-5620,119안전센터,2018-03-17,2
대구소방안전본부,달성소방서-구지-119 안전센터,대구광역시 달성군 구지면 달성2차로 111,35.6400521,128.4189803,053-616-0119,119안전센터,2018-03-17,1
대구소방안전본부,달성소방서-화원-119 안전센터,대구광역시 달성군 화원읍 화암로 122,35.79876,128.5018001,053-632-1119,119안전센터,2018-03-17,1
대구소방안전본부,달성소방서-논공-119 안전센터,대구광역시 달성군 논공읍 논공중앙로33길 5,35.7300884,128.4530232,053-615-5119,119안전센터,2018-03-17,1
대구소방안전본부,달성소방서-현풍-119 안전센터,대구광역시 달성군 현풍면 비슬로 480,35.6826279,128.4469746,053-670-5421,119안전센터,2018-03-17,2
대구소방안전본부,달서소방서-도원-119 안전센터,대구광역시 달서구 도원로 8,35.8090018,128.5356389,053-633-9110,119안전센터,2018-03-17,1
대구소방안전본부,달서소방서-본리-119 안전센터,대구광역시 달서구 대명천로 134,35.8396937,128.5450815,053-625-0119,119안전센터,2018-03-17,1
대구소방안전본부,달서소방서-송현-119 안전센터,대구광역시 달서구 월배로 262,35.8200211,128.542026,053-632-0119,119안전센터,2018-03-17,1
대구소방안전본부,달서소방서-월성-119 안전센터,대구광역시 달서구 학산로 75,35.831088,128.5347565,053-607-2281,119안전센터,2018-03-17,2
대구소방안전본부,수성소방서-무열로-119 안전센터,대구광역시 수성구 무열로 139,35.87079,128.64815,053-741-0119,119안전센터,2018-03-17,1
대구소방안전본부,수성소방서-고산-119 안전센터,대구광역시 수성구 고산로 105,35.8403196,128.7045373,053-791-7119,119안전센터,2018-03-17,1
경기재난본부,군포소방서-송정-119 안전센터,경기도 군포시 산본동1156,37.3683,127.9271,031-479-8503,119안전센터,2022-10-06,1
